threshold_ddG,precision,recall,f1
2.7529209137269444,0.25112107623318386,1.0,0.4014336917562724
2.6622584580662654,0.25149700598802394,1.0,0.4019138755980861
2.572566752976551,0.2518740629685157,1.0,0.4023952095808383
2.5599430801878214,0.25225225225225223,1.0,0.40287769784172656
2.52388943469108,0.2511278195488722,0.9940476190476191,0.4009603841536615
2.467841957471049,0.25150602409638556,0.9940476190476191,0.4014423076923077
2.4603717253080077,0.25188536953242835,0.9940476190476191,0.4019253910950662
2.3122366553472107,0.25226586102719034,0.9940476190476191,0.4024096385542169
2.2306394985633693,0.2526475037821483,0.9940476190476191,0.40289505428226785
2.1804411075115504,0.25303030303030305,0.9940476190476191,0.40338164251207737
2.1762782550650583,0.2534142640364188,0.9940476190476191,0.4038694074969771
2.1680201084942996,0.25379939209726443,0.9940476190476191,0.4043583535108959
2.1607144123500817,0.2541856925418569,0.9940476190476191,0.4048484848484848
2.1469391226609997,0.2545731707317073,0.9940476190476191,0.4053398058252427
2.1449865304163183,0.2549618320610687,0.9940476190476191,0.40583232077764275
2.1179707944129973,0.25535168195718655,0.9940476190476191,0.40632603406326034
2.1122157810964928,0.2557427258805513,0.9940476190476191,0.40682095006090135
2.0960164256402005,0.2561349693251534,0.9940476190476191,0.40731707317073174
2.075534754222694,0.2565284178187404,0.9940476190476191,0.40781440781440786
2.053020287335447,0.2569230769230769,0.9940476190476191,0.4083129584352079
2.045468657236332,0.2573189522342065,0.9940476190476191,0.40881272949816405
2.0266094733058,0.25771604938271603,0.9940476190476191,0.40931372549019607
2.0234187860749144,0.2581143740340031,0.9940476190476191,0.4098159509202455
2.0101710048991337,0.2585139318885449,0.9940476190476191,0.4103194103194103
2.007808620069314,0.2589147286821705,0.9940476190476191,0.4108241082410824
1.997007719980159,0.2593167701863354,0.9940476190476191,0.4113300492610838
1.993793352516918,0.25972006220839816,0.9940476190476191,0.4118372379778052
1.99288202835553,0.2601246105919003,0.9940476190476191,0.41234567901234565
1.9879368847010799,0.26053042121684866,0.9940476190476191,0.4128553770086526
1.9858665573687688,0.2609375,0.9940476190476191,0.41336633663366334
1.9261826049276234,0.26134585289514867,0.9940476190476191,0.4138785625774473
1.9256504166851995,0.2617554858934169,0.9940476190476191,0.4143920595533498
1.9247777097944907,0.260596546310832,0.9880952380952381,0.4124223602484472
1.9049859006941077,0.2610062893081761,0.9880952380952381,0.4129353233830846
1.9021873692195628,0.2614173228346457,0.9880952380952381,0.41344956413449563
1.9009066317435979,0.2618296529968454,0.9880952380952381,0.41396508728179554
1.8963727180978889,0.26224328593996843,0.9880952380952381,0.41448189762796506
1.862103295151847,0.2626582278481013,0.9880952380952381,0.415
1.8522331441266724,0.2630744849445325,0.9880952380952381,0.41551939924906134
1.848902795605725,0.2634920634920635,0.9880952380952381,0.41604010025062665
1.8472003286111327,0.26391096979332274,0.9880952380952381,0.4165621079046425
1.8355524740635414,0.2643312101910828,0.9880952380952381,0.41708542713567837
1.8316737721300387,0.2647527910685805,0.9880952380952381,0.4176100628930817
1.8219977902778133,0.26517571884984026,0.9880952380952381,0.4181360201511335
1.81261236531079,0.2656,0.9880952380952381,0.41866330390920553
1.8032510006152362,0.2644230769230769,0.9821428571428571,0.41666666666666663
1.7994079287737523,0.26484751203852325,0.9821428571428571,0.41719342604298354
1.7980806837420438,0.2652733118971061,0.9821428571428571,0.4177215189873418
1.7862399374770435,0.26570048309178745,0.9821428571428571,0.41825095057034223
1.7809116875369961,0.2661290322580645,0.9821428571428571,0.4187817258883248
1.777966190326888,0.2665589660743134,0.9821428571428571,0.4193138500635324
1.7737994614283954,0.2669902912621359,0.9821428571428571,0.4198473282442748
1.7715104121388692,0.26742301458670986,0.9821428571428571,0.4203821656050955
1.7690277075234888,0.2662337662337662,0.9761904761904762,0.4183673469387754
1.7653706280472694,0.26666666666666666,0.9761904761904762,0.41890166028097053
1.748655489122396,0.2671009771986971,0.9761904761904762,0.41943734015345263
1.7471655450138546,0.265905383360522,0.9702380952380952,0.4174135723431498
1.7437679843556004,0.26633986928104575,0.9702380952380952,0.4179487179487179
1.7328070251978724,0.26677577741407527,0.9702380952380952,0.4184852374839538
1.730663260448303,0.26721311475409837,0.9702380952380952,0.41902313624678666
1.7261279944734786,0.2676518883415435,0.9702380952380952,0.41956241956241963
1.7196020013742839,0.2680921052631579,0.9702380952380952,0.42010309278350516
1.71906856134066,0.2685337726523888,0.9702380952380952,0.42064516129032264
1.7140894972557834,0.26897689768976896,0.9702380952380952,0.42118863049095606
1.7066803621769095,0.2694214876033058,0.9702380952380952,0.4217335058214748
1.7057146771592528,0.26986754966887416,0.9702380952380952,0.42227979274611394
1.6987715860246961,0.2703150912106136,0.9702380952380952,0.42282749675745784
1.694732823866987,0.2707641196013289,0.9702380952380952,0.42337662337662335
1.6937486235934536,0.27121464226289516,0.9702380952380952,0.42392717815344605
1.6919668933942802,0.27166666666666667,0.9702380952380952,0.42447916666666663
1.687693166487777,0.27212020033388984,0.9702380952380952,0.42503259452412
1.6842228583015124,0.2725752508361204,0.9702380952380952,0.42558746736292424
1.6801674456925253,0.2730318257956449,0.9702380952380952,0.42614379084967324
1.676152348024696,0.27348993288590606,0.9702380952380952,0.4267015706806283
1.671866860015203,0.2739495798319328,0.9702380952380952,0.4272608125819135
1.6710393356670437,0.27441077441077444,0.9702380952380952,0.4278215223097113
1.6704710656734028,0.27318718381112983,0.9642857142857143,0.4257555847568988
1.6683958237988694,0.2719594594594595,0.9583333333333334,0.42368421052631583
1.6668690472292742,0.272419627749577,0.9583333333333334,0.42424242424242425
1.6650366262234504,0.27288135593220336,0.9583333333333334,0.4248021108179419
1.6626363820985073,0.2733446519524618,0.9583333333333334,0.4253632760898283
1.658004746635582,0.27380952380952384,0.9583333333333334,0.42592592592592593
1.6391856270479448,0.27427597955706984,0.9583333333333334,0.4264900662251656
1.6304341469519112,0.27303754266211605,0.9523809523809523,0.42440318302387264
1.6257982267472295,0.27350427350427353,0.9523809523809523,0.4249667994687915
1.624531358891156,0.2722602739726027,0.9464285714285714,0.42287234042553185
1.620364885324487,0.2727272727272727,0.9464285714285714,0.42343541944074564
1.604577512209909,0.27319587628865977,0.9464285714285714,0.424
1.604245653893014,0.2736660929432014,0.9464285714285714,0.42456608811749
1.6041986005945759,0.27413793103448275,0.9464285714285714,0.42513368983957217
1.603695556164084,0.27461139896373055,0.9464285714285714,0.42570281124497994
1.5994406056391224,0.2750865051903114,0.9464285714285714,0.42627345844504017
1.5949993740279165,0.2738301559792028,0.9404761904761905,0.42416107382550333
1.5940411954510194,0.2725694444444444,0.9345238095238095,0.4220430107526882
1.5924185117118022,0.27304347826086955,0.9345238095238095,0.4226110363391655
1.5906741909721924,0.2735191637630662,0.9345238095238095,0.4231805929919137
1.5792766294544116,0.27399650959860383,0.9345238095238095,0.42375168690958165
1.5791310736062718,0.2744755244755245,0.9345238095238095,0.4243243243243244
1.5644668560772557,0.27495621716287216,0.9345238095238095,0.4248985115020298
1.5613542869963217,0.2736842105263158,0.9285714285714286,0.4227642276422765
1.5596884081580626,0.2741652021089631,0.9285714285714286,0.4233378561736771
1.5596114661764098,0.2746478873239437,0.9285714285714286,0.42391304347826086
1.5591196947774033,0.2751322751322751,0.9285714285714286,0.42448979591836733
1.5575819242750466,0.2756183745583039,0.9285714285714286,0.42506811989100823
1.5491730477302947,0.2761061946902655,0.9285714285714286,0.4256480218281037
1.5476967133000148,0.2765957446808511,0.9285714285714286,0.42622950819672134
1.5362151358905827,0.27708703374777977,0.9285714285714286,0.426812585499316
1.52021728128491,0.2775800711743772,0.9285714285714286,0.4273972602739726
1.5179792497532472,0.27807486631016043,0.9285714285714286,0.4279835390946502
1.517740097098591,0.2767857142857143,0.9226190476190477,0.4258241758241759
1.5127239611151364,0.2772808586762075,0.9226190476190477,0.4264099037138927
1.5063846337870148,0.2777777777777778,0.9226190476190477,0.4269972451790634
1.5053278801722474,0.27827648114901254,0.9226190476190477,0.42758620689655163
1.505032105905392,0.27697841726618705,0.9166666666666666,0.42541436464088395
1.5014183917283397,0.2774774774774775,0.9166666666666666,0.4260027662517289
1.4993779893892754,0.2779783393501805,0.9166666666666666,0.42659279778393344
1.4937109727184827,0.27848101265822783,0.9166666666666666,0.42718446601941745
1.4896211267722939,0.27898550724637683,0.9166666666666666,0.4277777777777778
1.4823075746477177,0.279491833030853,0.9166666666666666,0.42837273991655084
1.4792121490906807,0.28,0.9166666666666666,0.4289693593314763
1.4752177178500971,0.28051001821493626,0.9166666666666666,0.4295676429567643
1.4745661011545597,0.28102189781021897,0.9166666666666666,0.4301675977653632
1.473355067219421,0.28153564899451555,0.9166666666666666,0.4307692307692307
1.4577736163719777,0.2802197802197802,0.9107142857142857,0.4285714285714286
1.4557238786260696,0.28073394495412846,0.9107142857142857,0.42917251051893407
1.4451806025753868,0.28125,0.9107142857142857,0.42977528089887646
1.4417690993070817,0.281767955801105,0.9107142857142857,0.43037974683544306
1.437537964480575,0.2822878228782288,0.9107142857142857,0.4309859154929578
1.4309667202940048,0.2828096118299446,0.9107142857142857,0.43159379407616355
1.4252626543608138,0.2833333333333333,0.9107142857142857,0.43220338983050843
1.4151187738437143,0.28385899814471244,0.9107142857142857,0.43281471004243277
1.4044985880050753,0.2825278810408922,0.9047619047619048,0.4305949008498584
1.3991098547933711,0.28305400372439476,0.9047619047619048,0.4312056737588652
1.3985682557710766,0.2835820895522388,0.9047619047619048,0.43181818181818177
1.3968182597454908,0.2841121495327103,0.9047619047619048,0.4324324324324325
1.3927708453608574,0.2846441947565543,0.9047619047619048,0.4330484330484331
1.3844578042770088,0.2851782363977486,0.9047619047619048,0.4336661911554922
1.3840831777200957,0.2857142857142857,0.9047619047619048,0.43428571428571433
1.383297053886815,0.2862523540489642,0.9047619047619048,0.43490701001430615
1.3809339550197965,0.2849056603773585,0.8988095238095238,0.4326647564469914
1.380200210933871,0.28544423440453687,0.8988095238095238,0.4332855093256815
1.3784957255861283,0.2859848484848485,0.8988095238095238,0.4339080459770115
1.368734517586889,0.286527514231499,0.8988095238095238,0.4345323741007194
1.3683892625805472,0.2870722433460076,0.8988095238095238,0.43515850144092216
1.3624654023387792,0.2876190476190476,0.8988095238095238,0.43578643578643583
1.3557809163958405,0.2881679389312977,0.8988095238095238,0.4364161849710983
1.3533575520133754,0.2887189292543021,0.8988095238095238,0.43704775687409547
1.347335172522503,0.289272030651341,0.8988095238095238,0.43768115942028996
1.3465496210160233,0.28982725527831094,0.8988095238095238,0.43831640058055155
1.3459587698888802,0.2903846153846154,0.8988095238095238,0.438953488372093
1.3447968744996963,0.2909441233140655,0.8988095238095238,0.4395924308588064
1.3428072554197297,0.2915057915057915,0.8988095238095238,0.44023323615160354
1.3373430129714403,0.29206963249516443,0.8988095238095238,0.4408759124087591
1.331724199890557,0.2926356589147287,0.8988095238095238,0.44152046783625737
1.3289496838393018,0.29320388349514565,0.8988095238095238,0.44216691068814057
1.3286904848587537,0.29377431906614787,0.8988095238095238,0.44281524926686217
1.3285681463138774,0.29434697855750486,0.8988095238095238,0.4434654919236417
1.3243770786839806,0.294921875,0.8988095238095238,0.44411764705882356
1.3142163740161708,0.29549902152641877,0.8988095238095238,0.44477172312223856
1.3014666778716821,0.296078431372549,0.8988095238095238,0.44542772861356933
1.29488568756451,0.2966601178781925,0.8988095238095238,0.44608567208271777
1.2791539375685028,0.2952755905511811,0.8928571428571429,0.4437869822485207
1.2761908711634709,0.2958579881656805,0.8928571428571429,0.4444444444444444
1.2726069798394035,0.2964426877470356,0.8928571428571429,0.44510385756676557
1.270330707247191,0.297029702970297,0.8928571428571429,0.4457652303120357
1.2701880539218027,0.2976190476190476,0.8928571428571429,0.4464285714285715
1.2674297185994823,0.2982107355864811,0.8928571428571429,0.44709388971684055
1.2655257476819801,0.29880478087649404,0.8928571428571429,0.4477611940298507
1.2634460350484102,0.2994011976047904,0.8928571428571429,0.4484304932735425
1.2629154547319301,0.3,0.8928571428571429,0.4491017964071856
1.2551973691386695,0.30060120240480964,0.8928571428571429,0.4497751124437781
1.2530423241077593,0.2991967871485944,0.8869047619047619,0.44744744744744747
1.250469387016793,0.29979879275653926,0.8869047619047619,0.4481203007518797
1.2501387463551124,0.3004032258064516,0.8869047619047619,0.44879518072289165
1.2452171982386748,0.301010101010101,0.8869047619047619,0.4494720965309201
1.2441238415112637,0.3016194331983806,0.8869047619047619,0.4501510574018127
1.2383942199869005,0.3022312373225152,0.8869047619047619,0.4508320726172465
1.2323349345366947,0.30284552845528456,0.8869047619047619,0.4515151515151516
1.2288679607900457,0.3034623217922607,0.8869047619047619,0.45220030349013657
1.2266106328844533,0.3040816326530612,0.8869047619047619,0.45288753799392095
1.2164884950729766,0.3047034764826176,0.8869047619047619,0.4535768645357687
1.2105456849298444,0.305327868852459,0.8869047619047619,0.45426829268292684
1.2082390224012192,0.3059548254620123,0.8869047619047619,0.4549618320610686
1.2056631487847491,0.3065843621399177,0.8869047619047619,0.4556574923547401
1.1823663951609198,0.30721649484536084,0.8869047619047619,0.45635528330781017
1.180728807276981,0.30785123966942146,0.8869047619047619,0.4570552147239263
1.178777705385297,0.3084886128364389,0.8869047619047619,0.45775729646697383
1.1756051223269222,0.3091286307053942,0.8869047619047619,0.45846153846153853
1.1716636907621434,0.3097713097713098,0.8869047619047619,0.45916795069337446
1.164582270831313,0.3104166666666667,0.8869047619047619,0.45987654320987653
1.1625327258509481,0.31106471816283926,0.8869047619047619,0.4605873261205564
1.1594246783703024,0.30962343096234307,0.8809523809523809,0.45820433436532504
1.1497412708471144,0.31027253668763105,0.8809523809523809,0.45891472868217054
1.1492009001739645,0.31092436974789917,0.8809523809523809,0.4596273291925466
1.1489908117837113,0.31157894736842107,0.8809523809523809,0.4603421461897356
1.1399900279476531,0.310126582278481,0.875,0.4579439252336449
1.1374966555613633,0.3107822410147992,0.875,0.4586583463338534
1.1371335163044811,0.3093220338983051,0.8690476190476191,0.45625
1.1348846837307967,0.3099787685774947,0.8690476190476191,0.45696400625978095
1.130780835119759,0.31063829787234043,0.8690476190476191,0.457680250783699
1.1302087564586216,0.3091684434968017,0.8630952380952381,0.4552590266875982
1.1283878872768056,0.30982905982905984,0.8630952380952381,0.4559748427672956
1.1250603811393114,0.31049250535331907,0.8630952380952381,0.45669291338582674
1.1191396560093028,0.3111587982832618,0.8630952380952381,0.45741324921135657
1.115922725000573,0.3118279569892473,0.8630952380952381,0.45813586097946296
1.1143195327872994,0.3125,0.8630952380952381,0.4588607594936709
1.1133895670119056,0.31317494600431967,0.8630952380952381,0.4595879556259906
1.1064397444135723,0.3116883116883117,0.8571428571428571,0.45714285714285713
1.1046178346080575,0.3123644251626898,0.8571428571428571,0.4578696343402226
1.1012818097688797,0.3130434782608696,0.8571428571428571,0.4585987261146497
1.0977220104115442,0.3115468409586057,0.8511904761904762,0.456140350877193
1.0966625229529623,0.31004366812227074,0.8452380952380952,0.45367412140575075
1.0924091027049858,0.31072210065645517,0.8452380952380952,0.4544
1.0897708457853694,0.3092105263157895,0.8392857142857143,0.4519230769230769
1.0883016584327592,0.3076923076923077,0.8333333333333334,0.4494382022471911
1.0811382888730736,0.30837004405286345,0.8333333333333334,0.45016077170418
1.073604872436126,0.3090507726269316,0.8333333333333334,0.45088566827697274
1.0713898829293675,0.30973451327433627,0.8333333333333334,0.45161290322580644
1.070485731068205,0.31042128603104213,0.8333333333333334,0.4523424878836834
1.0665023143236252,0.3111111111111111,0.8333333333333334,0.45307443365695804
1.066459421443598,0.311804008908686,0.8333333333333334,0.45380875202593196
1.0649130571388554,0.31026785714285715,0.8273809523809523,0.45129870129870125
1.0540850810889741,0.31096196868008946,0.8273809523809523,0.45203252032520325
1.0540169606011418,0.3094170403587444,0.8214285714285714,0.4495114006514658
1.053168931849853,0.30786516853932583,0.8154761904761905,0.44698205546492653
1.0504230091868922,0.30855855855855857,0.8154761904761905,0.44771241830065356
1.0404144752144442,0.309255079006772,0.8154761904761905,0.4484451718494271
1.0391126824865482,0.30995475113122173,0.8154761904761905,0.4491803278688524
1.038114628570969,0.31065759637188206,0.8154761904761905,0.4499178981937602
1.0347180532833005,0.31136363636363634,0.8154761904761905,0.4506578947368421
1.0333636861945228,0.3120728929384966,0.8154761904761905,0.45140032948929165
1.0304960637498708,0.3105022831050228,0.8095238095238095,0.44884488448844884
1.0180847554529486,0.3112128146453089,0.8095238095238095,0.44958677685950404
1.0141800579056104,0.3119266055045872,0.8095238095238095,0.45033112582781454
1.0102883227402875,0.31264367816091954,0.8095238095238095,0.451077943615257
1.006216400063319,0.31336405529953915,0.8095238095238095,0.45182724252491696
1.0061847780759807,0.3117782909930716,0.8035714285714286,0.44925124792013316
1.0021077301431136,0.3125,0.8035714285714286,0.45
0.9996484897279884,0.3109048723897912,0.7976190476190477,0.4474123539232054
0.9981933497516459,0.3116279069767442,0.7976190476190477,0.44816053511705684
0.9962603439456762,0.3123543123543124,0.7976190476190477,0.44891122278056955
0.9939323773036172,0.3130841121495327,0.7976190476190477,0.44966442953020136
0.9937738594584271,0.3114754098360656,0.7916666666666666,0.4470588235294118
0.9843207140620582,0.30985915492957744,0.7857142857142857,0.4444444444444445
0.9828731598121659,0.31058823529411766,0.7857142857142857,0.4451939291736931
0.9827452465284319,0.3113207547169811,0.7857142857142857,0.44594594594594594
0.9817044957974987,0.3120567375886525,0.7857142857142857,0.44670050761421326
0.9784026797188555,0.3104265402843602,0.7797619047619048,0.4440677966101695
0.9779851620947295,0.31116389548693585,0.7797619047619048,0.4448217317487266
0.9762048113802141,0.3119047619047619,0.7797619047619048,0.44557823129251695
0.9759446179903225,0.3126491646778043,0.7797619047619048,0.44633730834752977
0.9752716608922286,0.3133971291866029,0.7797619047619048,0.4470989761092151
0.9740801610698288,0.3117505995203837,0.7738095238095238,0.4444444444444445
0.9684676386107207,0.3125,0.7738095238095238,0.44520547945205485
0.9668968498289853,0.3132530120481928,0.7738095238095238,0.44596912521440824
0.9660457900275379,0.3115942028985507,0.7678571428571429,0.443298969072165
0.9658780237202357,0.31234866828087166,0.7678571428571429,0.44406196213425125
0.9616072357889579,0.3131067961165049,0.7678571428571429,0.4448275862068966
0.9568571764483459,0.31143552311435524,0.7619047619047619,0.4421416234887737
0.9568225942435878,0.3121951219512195,0.7619047619047619,0.4429065743944637
0.9542423788949077,0.31295843520782396,0.7619047619047619,0.4436741767764298
0.9469736306054378,0.3137254901960784,0.7619047619047619,0.4444444444444444
0.9450059047975873,0.3144963144963145,0.7619047619047619,0.44521739130434784
0.9447318164069124,0.312807881773399,0.7559523809523809,0.44250871080139376
0.9397082994983065,0.3111111111111111,0.75,0.4397905759162304
0.9373886657829239,0.3118811881188119,0.75,0.4405594405594405
0.9355472688753536,0.31265508684863524,0.75,0.4413309982486865
0.9350735394773535,0.31343283582089554,0.75,0.4421052631578948
0.9338704860285949,0.3117206982543641,0.7440476190476191,0.4393673110720563
0.9319327945335915,0.3125,0.7440476190476191,0.44014084507042256
0.9318170652362238,0.3132832080200501,0.7440476190476191,0.4409171075837742
0.928245218226063,0.31155778894472363,0.7380952380952381,0.4381625441696113
0.9261272128151093,0.3123425692695214,0.7380952380952381,0.4389380530973452
0.9180676670213116,0.31313131313131315,0.7380952380952381,0.4397163120567376
0.9175615029846377,0.3139240506329114,0.7380952380952381,0.4404973357015986
0.9175203690196163,0.31218274111675126,0.7321428571428571,0.43772241992882566
0.9158614860105336,0.31297709923664124,0.7321428571428571,0.4385026737967914
0.9134233101127123,0.3137755102040816,0.7321428571428571,0.4392857142857143
0.9131197364220073,0.3145780051150895,0.7321428571428571,0.4400715563506261
0.906874222304589,0.3153846153846154,0.7321428571428571,0.4408602150537635
0.9047764471073644,0.3161953727506427,0.7321428571428571,0.44165170556552963
0.903812477235547,0.31443298969072164,0.7261904761904762,0.4388489208633094
0.9010509137340167,0.31266149870801035,0.7202380952380952,0.4360360360360361
0.8945797859949375,0.3134715025906736,0.7202380952380952,0.43682310469314084
0.8937850105256725,0.3116883116883117,0.7142857142857143,0.43399638336347196
0.8889696141169124,0.3125,0.7142857142857143,0.43478260869565216
0.8888170762132729,0.3133159268929504,0.7142857142857143,0.43557168784029043
0.8853062255746048,0.31413612565445026,0.7142857142857143,0.4363636363636364
0.8842940918708767,0.31496062992125984,0.7142857142857143,0.4371584699453552
0.8770832875353527,0.3157894736842105,0.7142857142857143,0.437956204379562
0.8740450750267797,0.316622691292876,0.7142857142857143,0.43875685557586835
0.8715698299240867,0.31746031746031744,0.7142857142857143,0.43956043956043955
0.8703984646366086,0.3183023872679045,0.7142857142857143,0.44036697247706413
0.8663422412415255,0.3191489361702128,0.7142857142857143,0.4411764705882353
0.8634968657299525,0.32,0.7142857142857143,0.44198895027624313
0.8530598516998024,0.32085561497326204,0.7142857142857143,0.44280442804428044
0.8509652343797661,0.32171581769436997,0.7142857142857143,0.44362292051756014
0.8458150319679568,0.3225806451612903,0.7142857142857143,0.4444444444444444
0.8414038695426865,0.32075471698113206,0.7083333333333334,0.44155844155844154
0.8360283728758912,0.3216216216216216,0.7083333333333334,0.44237918215613387
0.8353549964664747,0.3224932249322493,0.7083333333333334,0.44320297951582865
0.8330252978410341,0.3233695652173913,0.7083333333333334,0.44402985074626866
0.8325088990848856,0.3242506811989101,0.7083333333333334,0.4448598130841122
0.8317446813939472,0.3251366120218579,0.7083333333333334,0.4456928838951311
0.8298858737819051,0.32602739726027397,0.7083333333333334,0.44652908067542213
0.8283657940295148,0.3269230769230769,0.7083333333333334,0.4473684210526316
0.8266095622152446,0.3278236914600551,0.7083333333333334,0.44821092278719393
0.8263955642460936,0.3287292817679558,0.7083333333333334,0.4490566037735849
0.8238392391294423,0.3268698060941828,0.7023809523809523,0.4461247637051039
0.8149172727690196,0.3277777777777778,0.7023809523809523,0.446969696969697
0.8074807571790316,0.3286908077994429,0.7023809523809523,0.4478178368121442
0.8061490541241291,0.329608938547486,0.7023809523809523,0.4486692015209125
0.8050948756041733,0.3277310924369748,0.6964285714285714,0.44571428571428573
0.802525833462615,0.32865168539325845,0.6964285714285714,0.4465648854961833
0.801971043327668,0.3267605633802817,0.6904761904761905,0.4435946462715105
0.801164565438606,0.327683615819209,0.6904761904761905,0.44444444444444436
0.7995478936879211,0.3286118980169972,0.6904761904761905,0.4452975047984645
0.798407966774203,0.32954545454545453,0.6904761904761905,0.44615384615384607
0.7982434144960656,0.32763532763532766,0.6845238095238095,0.4431599229287091
0.7935278495390824,0.32857142857142857,0.6845238095238095,0.44401544401544407
0.791748360389426,0.32951289398280803,0.6845238095238095,0.4448742746615087
0.7905048603158206,0.3275862068965517,0.6785714285714286,0.441860465116279
0.7892358777071288,0.3285302593659942,0.6785714285714286,0.44271844660194176
0.7788636250494269,0.32947976878612717,0.6785714285714286,0.443579766536965
0.7699479523789253,0.33043478260869563,0.6785714285714286,0.44444444444444436
0.769671690702524,0.3313953488372093,0.6785714285714286,0.4453125
0.7694868989325198,0.3323615160349854,0.6785714285714286,0.44618395303326813
0.7669491933476635,0.3333333333333333,0.6785714285714286,0.4470588235294118
0.7662872849029584,0.3313782991202346,0.6726190476190477,0.444007858546169
0.7652528908875164,0.3323529411764706,0.6726190476190477,0.44488188976377957
0.7640716281391224,0.3303834808259587,0.6666666666666666,0.4418145956607495
0.7631310076838232,0.33136094674556216,0.6666666666666666,0.4426877470355732
0.7625728494479929,0.3323442136498516,0.6666666666666666,0.4435643564356435
0.7622826943685651,0.33035714285714285,0.6607142857142857,0.44047619047619047
0.7618963767283558,0.33134328358208953,0.6607142857142857,0.441351888667992
0.7543226289175252,0.3323353293413174,0.6607142857142857,0.44223107569721115
0.7509479839201818,0.3303303303303303,0.6547619047619048,0.43912175648702595
0.7497969422807319,0.3313253012048193,0.6547619047619048,0.44
0.7489866175481721,0.3323262839879154,0.6547619047619048,0.4408817635270541
0.747383043298847,0.3333333333333333,0.6547619047619048,0.44176706827309237
0.745407072138219,0.331306990881459,0.6488095238095238,0.43863179074446684
0.7393909808699225,0.3323170731707317,0.6488095238095238,0.43951612903225806
0.737489369084555,0.3333333333333333,0.6488095238095238,0.4404040404040404
0.7365536792753681,0.3343558282208589,0.6488095238095238,0.44129554655870445
0.7357099935561977,0.3353846153846154,0.6488095238095238,0.4421906693711968
0.7345971910455454,0.33641975308641975,0.6488095238095238,0.44308943089430897
0.7342638485651346,0.33746130030959753,0.6488095238095238,0.4439918533604888
0.7338594058602602,0.3385093167701863,0.6488095238095238,0.4448979591836734
0.7329204952117339,0.3395638629283489,0.6488095238095238,0.44580777096114516
0.7266699323110087,0.340625,0.6488095238095238,0.44672131147540983
0.7265263606145457,0.34169278996865204,0.6488095238095238,0.4476386036960986
0.7246856051997259,0.33962264150943394,0.6428571428571429,0.4444444444444444
0.7206280528637864,0.33753943217665616,0.6369047619047619,0.44123711340206184
0.7198946181914283,0.33860759493670883,0.6369047619047619,0.4421487603305784
0.7141444452879947,0.3396825396825397,0.6369047619047619,0.44306418219461696
0.7077329833450922,0.34076433121019106,0.6369047619047619,0.4439834024896265
0.7058325292495531,0.34185303514376997,0.6369047619047619,0.4449064449064449
0.7052211243590604,0.34294871794871795,0.6369047619047619,0.44583333333333336
0.7048009997923167,0.3408360128617363,0.6309523809523809,0.44258872651356995
0.7023947630323223,0.3419354838709677,0.6309523809523809,0.4435146443514644
0.6989072304926859,0.343042071197411,0.6309523809523809,0.4444444444444445
0.6931949239594214,0.34415584415584416,0.6309523809523809,0.44537815126050423
0.6914182728048649,0.34527687296416937,0.6309523809523809,0.4463157894736842
0.6906844736477863,0.3464052287581699,0.6309523809523809,0.4472573839662447
0.6883643466290036,0.3475409836065574,0.6309523809523809,0.4482029598308668
0.6878255918042605,0.34868421052631576,0.6309523809523809,0.4491525423728813
0.6842945896232467,0.34983498349834985,0.6309523809523809,0.45010615711252655
0.6832383757317769,0.3509933774834437,0.6309523809523809,0.451063829787234
0.6812808806124232,0.3488372093023256,0.625,0.44776119402985076
0.6798077599526815,0.35,0.625,0.44871794871794873
0.6795216932780314,0.3511705685618729,0.625,0.44967880085653106
0.6786924284336978,0.3523489932885906,0.625,0.45064377682403434
0.6753477857541571,0.35353535353535354,0.625,0.45161290322580644
0.6742114561719449,0.3547297297297297,0.625,0.4525862068965517
0.6718808794332832,0.3559322033898305,0.625,0.4535637149028078
0.6715328564795003,0.35374149659863946,0.6190476190476191,0.45021645021645024
0.662861548616289,0.35494880546075086,0.6190476190476191,0.45119305856832975
0.6537393376741328,0.3561643835616438,0.6190476190476191,0.45217391304347826
0.652952379365037,0.35738831615120276,0.6190476190476191,0.4531590413943355
0.6527475625499806,0.35517241379310344,0.6130952380952381,0.44978165938864634
0.6514288357525221,0.356401384083045,0.6130952380952381,0.45076586433260396
0.6486247988488679,0.3576388888888889,0.6130952380952381,0.45175438596491235
0.6479970779032901,0.3588850174216028,0.6130952380952381,0.4527472527472528
0.6467718305655202,0.36013986013986016,0.6130952380952381,0.4537444933920705
0.6432787593139955,0.36140350877192984,0.6130952380952381,0.4547461368653422
0.6356407447250597,0.3626760563380282,0.6130952380952381,0.4557522123893805
0.6350635801493053,0.36042402826855124,0.6071428571428571,0.45232815964523276
0.6340466381851915,0.3617021276595745,0.6071428571428571,0.4533333333333333
0.6317299311232875,0.3594306049822064,0.6011904761904762,0.4498886414253898
0.629381225798367,0.3607142857142857,0.6011904761904762,0.45089285714285715
0.6287895396074373,0.36200716845878134,0.6011904761904762,0.45190156599552567
0.62462776360755,0.3597122302158273,0.5952380952380952,0.4484304932735426
0.6235246062566053,0.36101083032490977,0.5952380952380952,0.449438202247191
0.6214226936298558,0.358695652173913,0.5892857142857143,0.445945945945946
0.6209857313877166,0.36,0.5892857142857143,0.44695259593679454
0.6200508034180015,0.3613138686131387,0.5892857142857143,0.4479638009049774
0.610116345267131,0.3626373626373626,0.5892857142857143,0.4489795918367347
0.6060457281092961,0.3602941176470588,0.5833333333333334,0.4454545454545455
0.6058232845295263,0.35793357933579334,0.5773809523809523,0.44191343963553525
0.5972916071504543,0.3592592592592593,0.5773809523809523,0.4429223744292237
0.595014040498881,0.35687732342007433,0.5714285714285714,0.4393592677345537
0.5943177664999917,0.35447761194029853,0.5654761904761905,0.43577981651376146
0.5943071358538153,0.35580524344569286,0.5654761904761905,0.43678160919540227
0.5899961791178306,0.3533834586466165,0.5595238095238095,0.43317972350230416
0.5881056695601875,0.35471698113207545,0.5595238095238095,0.43418013856812937
0.5873427338491802,0.3560606060606061,0.5595238095238095,0.43518518518518523
0.5866458633859016,0.3574144486692015,0.5595238095238095,0.43619489559164737
0.5845177386342667,0.3549618320610687,0.5535714285714286,0.4325581395348837
0.5838529751905794,0.3563218390804598,0.5535714285714286,0.4335664335664336
0.5831090052346899,0.3576923076923077,0.5535714285714286,0.43457943925233644
0.5790693874843832,0.3590733590733591,0.5535714285714286,0.4355971896955504
0.5754831768431469,0.36046511627906974,0.5535714285714286,0.4366197183098592
0.5745376734003128,0.36186770428015563,0.5535714285714286,0.4376470588235294
0.5725501261670721,0.359375,0.5476190476190477,0.4339622641509434
0.5704996466010567,0.3607843137254902,0.5476190476190477,0.43498817966903075
0.5703886219391939,0.35826771653543305,0.5416666666666666,0.4312796208530806
0.5650650469734688,0.3557312252964427,0.5357142857142857,0.4275534441805225
0.5622052543129475,0.35714285714285715,0.5357142857142857,0.4285714285714286
0.5580738295934826,0.35856573705179284,0.5357142857142857,0.42959427207637235
0.5575948475854505,0.36,0.5357142857142857,0.43062200956937796
0.5566076559450018,0.3614457831325301,0.5357142857142857,0.43165467625899284
0.5561209002245421,0.3588709677419355,0.5297619047619048,0.42788461538461536
0.5552724331145553,0.3603238866396761,0.5297619047619048,0.42891566265060244
0.55462684846583,0.3617886178861789,0.5297619047619048,0.429951690821256
0.5538275444511003,0.363265306122449,0.5297619047619048,0.43099273607748184
0.5530595959365162,0.36065573770491804,0.5238095238095238,0.42718446601941745
0.5517645335338554,0.36213991769547327,0.5238095238095238,0.4282238442822385
0.5513810732214345,0.36363636363636365,0.5238095238095238,0.4292682926829269
0.550903317931316,0.3651452282157676,0.5238095238095238,0.43031784841075793
0.5498266783095783,0.3625,0.5178571428571429,0.4264705882352941
0.5431170750254998,0.3598326359832636,0.5119047619047619,0.4226044226044226
0.5430520124673022,0.36134453781512604,0.5119047619047619,0.4236453201970443
0.5429565990068447,0.35864978902953587,0.5059523809523809,0.41975308641975306
0.5380435468641407,0.3559322033898305,0.5,0.4158415841584159
0.5370484889925554,0.35319148936170214,0.49404761904761907,0.41191066997518616
0.5368584308803876,0.3504273504273504,0.4880952380952381,0.40796019900497515
0.5360586906454908,0.351931330472103,0.4880952380952381,0.40897755610972564
0.5341199794457171,0.35344827586206895,0.4880952380952381,0.4099999999999999
0.530244375975674,0.354978354978355,0.4880952380952381,0.41102756892230574
0.5297656052781589,0.3565217391304348,0.4880952380952381,0.4120603015075377
0.5279384023951251,0.35807860262008734,0.4880952380952381,0.41309823677581864
0.5276594702649886,0.35964912280701755,0.4880952380952381,0.4141414141414141
0.527411567876378,0.3568281938325991,0.48214285714285715,0.41012658227848103
0.5266959492292195,0.3584070796460177,0.48214285714285715,0.4111675126903553
0.5254604667970231,0.35555555555555557,0.47619047619047616,0.40712468193384227
0.5243187955907401,0.35714285714285715,0.47619047619047616,0.40816326530612246
0.5206712921658682,0.3542600896860987,0.47023809523809523,0.4040920716112532
0.5191930405456793,0.35585585585585583,0.47023809523809523,0.4051282051282051
0.5186844486606309,0.3574660633484163,0.47023809523809523,0.4061696658097687
0.5184736871622002,0.35909090909090907,0.47023809523809523,0.4072164948453608
0.5183323172841257,0.3607305936073059,0.47023809523809523,0.4082687338501292
0.5167977120244353,0.3623853211009174,0.47023809523809523,0.4093264248704663
0.5166919339537188,0.3640552995391705,0.47023809523809523,0.41038961038961036
0.5154452395757311,0.36574074074074076,0.47023809523809523,0.4114583333333333
0.5097493149284474,0.3674418604651163,0.47023809523809523,0.412532637075718
0.5072722820724502,0.3691588785046729,0.47023809523809523,0.41361256544502617
0.5072570973067924,0.37089201877934275,0.47023809523809523,0.4146981627296588
0.5056308038538414,0.37264150943396224,0.47023809523809523,0.4157894736842105
0.5042934942710816,0.3696682464454976,0.4642857142857143,0.4116094986807388
0.5038736851659916,0.37142857142857144,0.4642857142857143,0.41269841269841273
0.5029606424647991,0.37320574162679426,0.4642857142857143,0.41379310344827586
0.49711330658090375,0.375,0.4642857142857143,0.4148936170212766
0.49659182332070895,0.37681159420289856,0.4642857142857143,0.41600000000000004
0.4952970232860651,0.3786407766990291,0.4642857142857143,0.4171122994652407
0.4911016761921736,0.3804878048780488,0.4642857142857143,0.41823056300268097
0.49098097713757555,0.38235294117647056,0.4642857142857143,0.41935483870967744
0.4891733772001485,0.3793103448275862,0.4583333333333333,0.4150943396226415
0.4871322223145575,0.37623762376237624,0.4523809523809524,0.4108108108108108
0.48638284840899915,0.3781094527363184,0.4523809523809524,0.41192411924119243
0.4832925868182721,0.375,0.44642857142857145,0.40760869565217395
0.48249731671598073,0.3768844221105528,0.44642857142857145,0.40871934604904636
0.4808625700499141,0.3787878787878788,0.44642857142857145,0.4098360655737705
0.4794527272904124,0.38071065989847713,0.44642857142857145,0.410958904109589
0.4782573709165859,0.3826530612244898,0.44642857142857145,0.41208791208791207
0.47636999612075265,0.37948717948717947,0.44047619047619047,0.40771349862258954
0.4739009619072625,0.38144329896907214,0.44047619047619047,0.4088397790055248
0.47199019023878125,0.37823834196891193,0.43452380952380953,0.4044321329639889
0.4688526893665719,0.3802083333333333,0.43452380952380953,0.40555555555555556
0.4683168179592429,0.3769633507853403,0.42857142857142855,0.4011142061281337
0.4667771891080282,0.37894736842105264,0.42857142857142855,0.40223463687150834
0.46326357972960036,0.38095238095238093,0.42857142857142855,0.4033613445378151
0.46043450638988515,0.3776595744680851,0.4226190476190476,0.398876404494382
0.4590317456641832,0.37967914438502676,0.4226190476190476,0.39999999999999997
0.45874609829741103,0.3817204301075269,0.4226190476190476,0.4011299435028249
0.4570177754702373,0.3837837837837838,0.4226190476190476,0.40226628895184136
0.45562147083865473,0.3858695652173913,0.4226190476190476,0.4034090909090909
0.45036864022330386,0.3825136612021858,0.4166666666666667,0.3988603988603988
0.4490733202090473,0.38461538461538464,0.4166666666666667,0.4
0.44543843207169376,0.3867403314917127,0.4166666666666667,0.4011461318051576
0.4451110256176656,0.38333333333333336,0.4107142857142857,0.396551724137931
0.4416382254448814,0.3854748603351955,0.4107142857142857,0.3976945244956772
0.4402923357736528,0.38764044943820225,0.4107142857142857,0.3988439306358381
0.43692950123984886,0.3898305084745763,0.4107142857142857,0.4
0.43591399396875863,0.39204545454545453,0.4107142857142857,0.40116279069767447
0.4334680058609522,0.38857142857142857,0.40476190476190477,0.39650145772594747
0.4300977967049962,0.39080459770114945,0.40476190476190477,0.39766081871345027
0.42978358210265627,0.3872832369942196,0.39880952380952384,0.3929618768328446
0.4240875062197597,0.38953488372093026,0.39880952380952384,0.3941176470588235
0.4238037928940582,0.391812865497076,0.39880952380952384,0.39528023598820067
0.418355220188225,0.3941176470588235,0.39880952380952384,0.3964497041420118
0.4179925207712678,0.39644970414201186,0.39880952380952384,0.39762611275964393
0.4103154270499152,0.39880952380952384,0.39880952380952384,0.39880952380952384
0.40622845541306624,0.40119760479041916,0.39880952380952384,0.39999999999999997
0.4054945797947483,0.4036144578313253,0.39880952380952384,0.40119760479041916
0.4054173909651911,0.40606060606060607,0.39880952380952384,0.4024024024024024
0.39919166657856664,0.4024390243902439,0.39285714285714285,0.39759036144578314
0.39874905634544655,0.4049079754601227,0.39285714285714285,0.3987915407854985
0.3961524972641403,0.4012345679012346,0.3869047619047619,0.393939393939394
0.39605433385088035,0.39751552795031053,0.38095238095238093,0.3890577507598784
0.39355517827476566,0.4,0.38095238095238093,0.3902439024390244
0.3935241101327301,0.4025157232704403,0.38095238095238093,0.39143730886850153
0.3932950992709017,0.4050632911392405,0.38095238095238093,0.39263803680981596
0.39158043072381027,0.40764331210191085,0.38095238095238093,0.39384615384615385
0.3871743209153065,0.41025641025641024,0.38095238095238093,0.39506172839506165
0.38653019253636645,0.4129032258064516,0.38095238095238093,0.39628482972136225
0.38626165113865213,0.4155844155844156,0.38095238095238093,0.3975155279503106
0.38554255714488894,0.41830065359477125,0.38095238095238093,0.3987538940809969
0.3837843428250561,0.42105263157894735,0.38095238095238093,0.4
0.3832557062329554,0.41721854304635764,0.375,0.39498432601880873
0.38128635492520163,0.42,0.375,0.39622641509433965
0.3805589601088535,0.4228187919463087,0.375,0.39747634069400634
0.3778930206000219,0.42567567567567566,0.375,0.3987341772151899
0.377488187752511,0.42857142857142855,0.375,0.39999999999999997
0.3769605244207968,0.4246575342465753,0.36904761904761907,0.39490445859872614
0.3753804943134049,0.4206896551724138,0.3630952380952381,0.38977635782747605
0.37222095180975673,0.4236111111111111,0.3630952380952381,0.391025641025641
0.3721883501609861,0.4195804195804196,0.35714285714285715,0.3858520900321543
0.36978465105668584,0.4225352112676056,0.35714285714285715,0.3870967741935484
0.36360765065322864,0.425531914893617,0.35714285714285715,0.3883495145631068
0.36245208822767144,0.42857142857142855,0.35714285714285715,0.38961038961038963
0.35966432190324577,0.4316546762589928,0.35714285714285715,0.39087947882736157
0.3569257094136991,0.43478260869565216,0.35714285714285715,0.39215686274509803
0.3558608976904613,0.43795620437956206,0.35714285714285715,0.3934426229508197
0.354313825174467,0.4338235294117647,0.35119047619047616,0.3881578947368421
0.3524543451174038,0.42962962962962964,0.34523809523809523,0.3828382838283828
0.3465468481936334,0.43283582089552236,0.34523809523809523,0.3841059602649006
0.346540951559916,0.43609022556390975,0.34523809523809523,0.3853820598006644
0.3443236956391158,0.4318181818181818,0.3392857142857143,0.38
0.3441781208149557,0.42748091603053434,0.3333333333333333,0.37458193979933113
0.3360887660768886,0.4307692307692308,0.3333333333333333,0.37583892617449666
0.33582869936225435,0.43410852713178294,0.3333333333333333,0.37710437710437705
0.33537814237275526,0.4296875,0.3273809523809524,0.3716216216216216
0.33191655831054523,0.4330708661417323,0.3273809523809524,0.3728813559322034
0.3315732886547957,0.4365079365079365,0.3273809523809524,0.3741496598639456
0.3314825923212728,0.44,0.3273809523809524,0.3754266211604096
0.3251631061403972,0.4435483870967742,0.3273809523809524,0.37671232876712324
0.3210272943404395,0.43902439024390244,0.32142857142857145,0.3711340206185567
0.3208445912893627,0.4344262295081967,0.31547619047619047,0.3655172413793104
0.31991243632608335,0.4380165289256198,0.31547619047619047,0.3667820069204152
0.31551067464538535,0.44166666666666665,0.31547619047619047,0.3680555555555555
0.31502375179833986,0.44537815126050423,0.31547619047619047,0.36933797909407673
0.31480888444322686,0.4491525423728814,0.31547619047619047,0.3706293706293706
0.31196142472887617,0.4444444444444444,0.30952380952380953,0.36491228070175435
0.3111299776541479,0.4482758620689655,0.30952380952380953,0.3661971830985915
0.30145300643144884,0.45217391304347826,0.30952380952380953,0.3674911660777385
0.29960261967308904,0.4473684210526316,0.30357142857142855,0.36170212765957444
0.29564199130464147,0.45132743362831856,0.30357142857142855,0.3629893238434163
0.29241257625816847,0.44642857142857145,0.2976190476190476,0.35714285714285715
0.2923703904176321,0.44144144144144143,0.2916666666666667,0.35125448028673834
0.29217099942282376,0.44545454545454544,0.2916666666666667,0.35251798561151076
0.2918006430620707,0.44954128440366975,0.2916666666666667,0.3537906137184116
0.29132478444766446,0.4444444444444444,0.2857142857142857,0.34782608695652173
0.2896176546517867,0.4485981308411215,0.2857142857142857,0.34909090909090906
0.28942745349235716,0.4528301886792453,0.2857142857142857,0.35036496350364965
0.28743739462008233,0.45714285714285713,0.2857142857142857,0.3516483516483516
0.2871584447536407,0.46153846153846156,0.2857142857142857,0.35294117647058826
0.28598231114080014,0.46601941747572817,0.2857142857142857,0.35424354243542433
0.2831238203985931,0.47058823529411764,0.2857142857142857,0.35555555555555557
0.28052622752531997,0.4752475247524752,0.2857142857142857,0.3568773234200744
0.2785973530962252,0.48,0.2857142857142857,0.3582089552238806
0.27476909962952706,0.47474747474747475,0.27976190476190477,0.352059925093633
0.27427273562877036,0.47959183673469385,0.27976190476190477,0.3533834586466166
0.2736434719627972,0.4845360824742268,0.27976190476190477,0.35471698113207545
0.27044411357196885,0.4791666666666667,0.27380952380952384,0.3484848484848485
0.26753759045436837,0.4842105263157895,0.27380952380952384,0.34980988593155893
0.2651439310636164,0.48936170212765956,0.27380952380952384,0.3511450381679389
0.2605967345828646,0.4838709677419355,0.26785714285714285,0.3448275862068966
0.26009636785290324,0.4891304347826087,0.26785714285714285,0.34615384615384615
0.2581082191471587,0.4835164835164835,0.2619047619047619,0.33976833976833976
0.257931997695148,0.4888888888888889,0.2619047619047619,0.34108527131782945
0.25618838862608345,0.4943820224719101,0.2619047619047619,0.34241245136186765
0.25076173271243957,0.5,0.2619047619047619,0.34375000000000006
0.24888786773734253,0.5057471264367817,0.2619047619047619,0.3450980392156863
0.24873228519891288,0.5116279069767442,0.2619047619047619,0.3464566929133859
0.2465786066636466,0.5058823529411764,0.25595238095238093,0.33992094861660077
0.2330272518570924,0.5119047619047619,0.25595238095238093,0.3412698412698413
0.23050696258098327,0.5060240963855421,0.25,0.3346613545816733
0.2297972363493922,0.5121951219512195,0.25,0.336
0.22892716059377857,0.5185185185185185,0.25,0.3373493975903614
0.22888644129066107,0.525,0.25,0.33870967741935487
0.2284425681770832,0.5316455696202531,0.25,0.340080971659919
0.22454749027001739,0.5256410256410257,0.24404761904761904,0.33333333333333326
0.22389190583429508,0.5324675324675324,0.24404761904761904,0.33469387755102037
0.22075865011642137,0.5394736842105263,0.24404761904761904,0.3360655737704918
0.21662375258197328,0.5466666666666666,0.24404761904761904,0.33744855967078186
0.2126548301319885,0.5540540540540541,0.24404761904761904,0.33884297520661155
0.20757986329253378,0.5616438356164384,0.24404761904761904,0.3402489626556016
0.20726598285376788,0.5694444444444444,0.24404761904761904,0.3416666666666667
0.20188433676100082,0.5774647887323944,0.24404761904761904,0.34309623430962344
0.19795894111215126,0.5714285714285714,0.23809523809523808,0.3361344537815126
0.19436179014100463,0.5652173913043478,0.23214285714285715,0.3291139240506329
0.1906699644496578,0.5735294117647058,0.23214285714285715,0.3305084745762712
0.19063696316421028,0.5671641791044776,0.2261904761904762,0.32340425531914896
0.19057481251308675,0.5606060606060606,0.22023809523809523,0.3162393162393162
0.18861894955023695,0.5692307692307692,0.22023809523809523,0.3175965665236052
0.18110275639466691,0.5625,0.21428571428571427,0.31034482758620685
0.18077503358564015,0.5555555555555556,0.20833333333333334,0.30303030303030304
0.1807142414736246,0.5483870967741935,0.20238095238095238,0.2956521739130435
0.1806520963325362,0.5409836065573771,0.19642857142857142,0.28820960698689957
0.1738666527845801,0.5333333333333333,0.19047619047619047,0.2807017543859649
0.17247151645294156,0.5423728813559322,0.19047619047619047,0.2819383259911894
0.167121140557804,0.5517241379310345,0.19047619047619047,0.2831858407079646
0.15641602740081903,0.5614035087719298,0.19047619047619047,0.28444444444444444
0.155065936013177,0.5714285714285714,0.19047619047619047,0.2857142857142857
0.15300210018225804,0.5818181818181818,0.19047619047619047,0.28699551569506726
0.14799532452863182,0.5925925925925926,0.19047619047619047,0.2882882882882883
0.1459544060240127,0.6037735849056604,0.19047619047619047,0.28959276018099545
0.1452002013485488,0.6153846153846154,0.19047619047619047,0.2909090909090909
0.1450553687550979,0.6078431372549019,0.18452380952380953,0.28310502283105027
0.14403598358659936,0.62,0.18452380952380953,0.28440366972477066
0.1379032687315297,0.6326530612244898,0.18452380952380953,0.28571428571428575
0.13692413218743058,0.6458333333333334,0.18452380952380953,0.28703703703703703
0.1366559929659852,0.6595744680851063,0.18452380952380953,0.28837209302325584
0.12815983226491345,0.6739130434782609,0.18452380952380953,0.2897196261682243
0.12252421486543504,0.6888888888888889,0.18452380952380953,0.2910798122065728
0.11258836433992063,0.6818181818181818,0.17857142857142858,0.2830188679245283
0.10904381069076248,0.6744186046511628,0.17261904761904762,0.27488151658767773
0.10833574486029958,0.6666666666666666,0.16666666666666666,0.26666666666666666
0.10380252585905109,0.6585365853658537,0.16071428571428573,0.2583732057416268
0.1016204773761588,0.675,0.16071428571428573,0.25961538461538464
0.09930524409824378,0.6666666666666666,0.15476190476190477,0.25120772946859904
0.09217674152576816,0.6842105263157895,0.15476190476190477,0.2524271844660194
0.0902394294365448,0.7027027027027027,0.15476190476190477,0.25365853658536586
0.08948796348261336,0.6944444444444444,0.1488095238095238,0.24509803921568624
0.08792828919501128,0.7142857142857143,0.1488095238095238,0.24630541871921183
0.08694445569370085,0.7352941176470589,0.1488095238095238,0.24752475247524752
0.08365264087370088,0.7575757575757576,0.1488095238095238,0.24875621890547261
0.053944467084822735,0.75,0.14285714285714285,0.24
0.0539385332134218,0.7419354838709677,0.13690476190476192,0.2311557788944724
0.0534084513565988,0.7666666666666667,0.13690476190476192,0.23232323232323232
0.05254519537351459,0.7586206896551724,0.13095238095238096,0.22335025380710663
0.041738414017548554,0.75,0.125,0.21428571428571427
0.03466267119277419,0.7407407407407407,0.11904761904761904,0.20512820512820512
0.027880041368021097,0.7307692307692307,0.1130952380952381,0.1958762886597938
0.010762754701500158,0.76,0.1130952380952381,0.19689119170984457
0.01007031104648351,0.75,0.10714285714285714,0.1875
0.005838532425343841,0.782608695652174,0.10714285714285714,0.18848167539267016
0.00013375460958423938,0.8181818181818182,0.10714285714285714,0.18947368421052632
-0.017348779242131726,0.8095238095238095,0.10119047619047619,0.17989417989417988
-0.032069848325454085,0.8,0.09523809523809523,0.1702127659574468
-0.03654561751807129,0.8421052631578947,0.09523809523809523,0.1711229946524064
-0.043405439522495724,0.8888888888888888,0.09523809523809523,0.17204301075268819
-0.06638468010566863,0.8823529411764706,0.08928571428571429,0.16216216216216217
-0.09150961269873965,0.875,0.08333333333333333,0.15217391304347824
-0.09763289429162987,0.9333333333333333,0.08333333333333333,0.15300546448087432
-0.12716725645812801,0.9285714285714286,0.07738095238095238,0.14285714285714288
-0.1855464930520578,0.9230769230769231,0.07142857142857142,0.13259668508287292
-0.18808982655473605,0.9166666666666666,0.06547619047619048,0.12222222222222223
-0.2344199578182038,0.9090909090909091,0.05952380952380952,0.11173184357541899
-0.24140666251855644,0.9,0.05357142857142857,0.10112359550561796
-0.2505001353321579,0.8888888888888888,0.047619047619047616,0.0903954802259887
-0.2543858292821481,0.875,0.041666666666666664,0.07954545454545454
-0.27592650645869726,0.8571428571428571,0.03571428571428571,0.06857142857142856
-0.4059179330993743,0.8333333333333334,0.02976190476190476,0.057471264367816084
-0.4210684825260813,0.8,0.023809523809523808,0.046242774566473986
-0.4233727556552232,0.75,0.017857142857142856,0.03488372093023255
-0.44340335493063665,1.0,0.017857142857142856,0.03508771929824561
-0.5155348945477212,1.0,0.011904761904761904,0.023529411764705882
-0.7709708657564733,1.0,0.005952380952380952,0.011834319526627219
