threshold_ddg_kcal_mol,precision,recall,f1,accuracy,tp,fp,fn,tn
2.7529209137269444,0.25112107623318386,1.0,0.4014336917562724,0.2511210762331839,168,501,0,0
2.6622584580662654,0.25149700598802394,1.0,0.4019138755980861,0.2526158445440957,168,500,0,1
2.572566752976551,0.2518740629685157,1.0,0.4023952095808383,0.2541106128550073,168,499,0,2
2.5599430801878214,0.25225225225225223,1.0,0.40287769784172656,0.2556053811659192,168,498,0,3
2.52388943469108,0.2511278195488722,0.9940476190476191,0.4009603841536615,0.2541106128550076,167,498,1,3
2.467841957471049,0.25150602409638556,0.9940476190476191,0.4014423076923077,0.25560538116591935,167,497,1,4
2.4603717253080077,0.25188536953242835,0.9940476190476191,0.4019253910950662,0.2571001494768311,167,496,1,5
2.3122366553472107,0.25226586102719034,0.9940476190476191,0.4024096385542169,0.2585949177877431,167,495,1,6
2.2306394985633693,0.2526475037821483,0.9940476190476191,0.40289505428226785,0.2600896860986548,167,494,1,7
2.1804411075115504,0.25303030303030305,0.9940476190476191,0.40338164251207737,0.2615844544095666,167,493,1,8
2.1762782550650583,0.2534142640364188,0.9940476190476191,0.4038694074969771,0.26307922272047823,167,492,1,9
2.1680201084942996,0.25379939209726443,0.9940476190476191,0.4043583535108959,0.2645739910313901,167,491,1,10
2.1607144123500817,0.2541856925418569,0.9940476190476191,0.4048484848484848,0.26606875934230184,167,490,1,11
2.1469391226609997,0.2545731707317073,0.9940476190476191,0.4053398058252427,0.26756352765321384,167,489,1,12
2.1449865304163183,0.2549618320610687,0.9940476190476191,0.40583232077764275,0.26905829596412556,167,488,1,13
2.1179707944129973,0.25535168195718655,0.9940476190476191,0.40632603406326034,0.27055306427503745,167,487,1,14
2.1122157810964928,0.2557427258805513,0.9940476190476191,0.40682095006090135,0.2720478325859493,167,486,1,15
2.0960164256402005,0.2561349693251534,0.9940476190476191,0.40731707317073174,0.27354260089686105,167,485,1,16
2.075534754222694,0.2565284178187404,0.9940476190476191,0.40781440781440786,0.2750373692077728,167,484,1,17
2.053020287335447,0.2569230769230769,0.9940476190476191,0.4083129584352079,0.2765321375186846,167,483,1,18
2.045468657236332,0.2573189522342065,0.9940476190476191,0.40881272949816405,0.27802690582959644,167,482,1,19
2.0266094733058,0.25771604938271603,0.9940476190476191,0.40931372549019607,0.27952167414050805,167,481,1,20
2.0234187860749144,0.2581143740340031,0.9940476190476191,0.4098159509202455,0.28101644245142005,167,480,1,21
2.0101710048991337,0.2585139318885449,0.9940476190476191,0.4103194103194103,0.2825112107623318,167,479,1,22
2.007808620069314,0.2589147286821705,0.9940476190476191,0.4108241082410824,0.28400597907324354,167,478,1,23
1.997007719980159,0.2593167701863354,0.9940476190476191,0.4113300492610838,0.28550074738415565,167,477,1,24
1.993793352516918,0.25972006220839816,0.9940476190476191,0.4118372379778052,0.28699551569506737,167,476,1,25
1.99288202835553,0.2601246105919003,0.9940476190476191,0.41234567901234565,0.288490284005979,167,475,1,26
1.9879368847010799,0.26053042121684866,0.9940476190476191,0.4128553770086526,0.2899850523168908,167,474,1,27
1.9858665573687688,0.2609375,0.9940476190476191,0.41336633663366334,0.2914798206278027,167,473,1,28
1.9261826049276234,0.26134585289514867,0.9940476190476191,0.4138785625774473,0.2929745889387145,167,472,1,29
1.9256504166851995,0.2617554858934169,0.9940476190476191,0.4143920595533498,0.2944693572496262,167,471,1,30
1.9247777097944907,0.260596546310832,0.9880952380952381,0.4124223602484472,0.2929745889387144,166,471,2,30
1.9049859006941077,0.2610062893081761,0.9880952380952381,0.4129353233830846,0.2944693572496263,166,470,2,31
1.9021873692195628,0.2614173228346457,0.9880952380952381,0.41344956413449563,0.2959641255605382,166,469,2,32
1.9009066317435979,0.2618296529968454,0.9880952380952381,0.41396508728179554,0.29745889387144986,166,468,2,33
1.8963727180978889,0.26224328593996843,0.9880952380952381,0.41448189762796506,0.2989536621823618,166,467,2,34
1.862103295151847,0.2626582278481013,0.9880952380952381,0.415,0.30044843049327363,166,466,2,35
1.8522331441266724,0.2630744849445325,0.9880952380952381,0.41551939924906134,0.3019431988041854,166,465,2,36
1.848902795605725,0.2634920634920635,0.9880952380952381,0.41604010025062665,0.3034379671150972,166,464,2,37
1.8472003286111327,0.26391096979332274,0.9880952380952381,0.4165621079046425,0.30493273542600896,166,463,2,38
1.8355524740635414,0.2643312101910828,0.9880952380952381,0.41708542713567837,0.3064275037369208,166,462,2,39
1.8316737721300387,0.2647527910685805,0.9880952380952381,0.4176100628930817,0.3079222720478325,166,461,2,40
1.8219977902778133,0.26517571884984026,0.9880952380952381,0.4181360201511335,0.3094170403587444,166,460,2,41
1.81261236531079,0.2656,0.9880952380952381,0.41866330390920553,0.3109118086696562,166,459,2,42
1.8032510006152362,0.2644230769230769,0.9821428571428571,0.41666666666666663,0.3094170403587443,165,459,3,42
1.7994079287737523,0.26484751203852325,0.9821428571428571,0.41719342604298354,0.310911808669656,165,458,3,43
1.7980806837420438,0.2652733118971061,0.9821428571428571,0.4177215189873418,0.3124065769805681,165,457,3,44
1.7862399374770435,0.26570048309178745,0.9821428571428571,0.41825095057034223,0.3139013452914799,165,456,3,45
1.7809116875369961,0.2661290322580645,0.9821428571428571,0.4187817258883248,0.31539611360239156,165,455,3,46
1.777966190326888,0.2665589660743134,0.9821428571428571,0.4193138500635324,0.31689088191330333,165,454,3,47
1.7737994614283954,0.2669902912621359,0.9821428571428571,0.4198473282442748,0.3183856502242152,165,453,3,48
1.7715104121388692,0.26742301458670986,0.9821428571428571,0.4203821656050955,0.3198804185351269,165,452,3,49
1.7690277075234888,0.2662337662337662,0.9761904761904762,0.4183673469387754,0.31838565022421506,164,452,4,49
1.7653706280472694,0.26666666666666666,0.9761904761904762,0.41890166028097053,0.319880418535127,164,451,4,50
1.748655489122396,0.2671009771986971,0.9761904761904762,0.41943734015345263,0.3213751868460389,164,450,4,51
1.7471655450138546,0.265905383360522,0.9702380952380952,0.4174135723431498,0.31988041853512705,163,450,5,51
1.7437679843556004,0.26633986928104575,0.9702380952380952,0.4179487179487179,0.3213751868460388,163,449,5,52
1.7328070251978724,0.26677577741407527,0.9702380952380952,0.4184852374839538,0.32286995515695066,163,448,5,53
1.730663260448303,0.26721311475409837,0.9702380952380952,0.41902313624678666,0.3243647234678625,163,447,5,54
1.7261279944734786,0.2676518883415435,0.9702380952380952,0.41956241956241963,0.32585949177877427,163,446,5,55
1.7196020013742839,0.2680921052631579,0.9702380952380952,0.42010309278350516,0.32735426008968627,163,445,5,56
1.71906856134066,0.2685337726523888,0.9702380952380952,0.42064516129032264,0.328849028400598,163,444,5,57
1.7140894972557834,0.26897689768976896,0.9702380952380952,0.42118863049095606,0.33034379671150965,163,443,5,58
1.7066803621769095,0.2694214876033058,0.9702380952380952,0.4217335058214748,0.3318385650224217,163,442,5,59
1.7057146771592528,0.26986754966887416,0.9702380952380952,0.42227979274611394,0.33333333333333326,163,441,5,60
1.6987715860246961,0.2703150912106136,0.9702380952380952,0.42282749675745784,0.33482810164424504,163,440,5,61
1.694732823866987,0.2707641196013289,0.9702380952380952,0.42337662337662335,0.33632286995515687,163,439,5,62
1.6937486235934536,0.27121464226289516,0.9702380952380952,0.42392717815344605,0.3378176382660687,163,438,5,63
1.6919668933942802,0.27166666666666667,0.9702380952380952,0.42447916666666663,0.33931240657698064,163,437,5,64
1.687693166487777,0.27212020033388984,0.9702380952380952,0.42503259452412,0.3408071748878925,163,436,5,65
1.6842228583015124,0.2725752508361204,0.9702380952380952,0.42558746736292424,0.3423019431988041,163,435,5,66
1.6801674456925253,0.2730318257956449,0.9702380952380952,0.42614379084967324,0.34379671150971597,163,434,5,67
1.676152348024696,0.27348993288590606,0.9702380952380952,0.4267015706806283,0.3452914798206279,163,433,5,68
1.671866860015203,0.2739495798319328,0.9702380952380952,0.4272608125819135,0.3467862481315397,163,432,5,69
1.6710393356670437,0.27441077441077444,0.9702380952380952,0.4278215223097113,0.3482810164424515,163,431,5,70
1.6704710656734028,0.27318718381112983,0.9642857142857143,0.4257555847568988,0.3467862481315395,162,431,6,70
1.6683958237988694,0.2719594594594595,0.9583333333333334,0.42368421052631583,0.3452914798206278,161,431,7,70
1.6668690472292742,0.272419627749577,0.9583333333333334,0.42424242424242425,0.34678624813153963,161,430,7,71
1.6650366262234504,0.27288135593220336,0.9583333333333334,0.4248021108179419,0.3482810164424514,161,429,7,72
1.6626363820985073,0.2733446519524618,0.9583333333333334,0.4253632760898283,0.3497757847533633,161,428,7,73
1.658004746635582,0.27380952380952384,0.9583333333333334,0.42592592592592593,0.3512705530642751,161,427,7,74
1.6391856270479448,0.27427597955706984,0.9583333333333334,0.4264900662251656,0.35276532137518674,161,426,7,75
1.6304341469519112,0.27303754266211605,0.9523809523809523,0.42440318302387264,0.3512705530642751,160,426,8,75
1.6257982267472295,0.27350427350427353,0.9523809523809523,0.4249667994687915,0.35276532137518696,160,425,8,76
1.624531358891156,0.2722602739726027,0.9464285714285714,0.42287234042553185,0.351270553064275,159,425,9,76
1.620364885324487,0.2727272727272727,0.9464285714285714,0.42343541944074564,0.35276532137518674,159,424,9,77
1.604577512209909,0.27319587628865977,0.9464285714285714,0.424,0.35426008968609857,159,423,9,78
1.604245653893014,0.2736660929432014,0.9464285714285714,0.42456608811749,0.35575485799701045,159,422,9,79
1.6041986005945759,0.27413793103448275,0.9464285714285714,0.42513368983957217,0.3572496263079222,159,421,9,80
1.603695556164084,0.27461139896373055,0.9464285714285714,0.42570281124497994,0.35874439461883406,159,420,9,81
1.5994406056391224,0.2750865051903114,0.9464285714285714,0.42627345844504017,0.3602391629297459,159,419,9,82
1.5949993740279165,0.2738301559792028,0.9404761904761905,0.42416107382550333,0.3587443946188342,158,419,10,82
1.5940411954510194,0.2725694444444444,0.9345238095238095,0.4220430107526882,0.3572496263079222,157,419,11,82
1.5924185117118022,0.27304347826086955,0.9345238095238095,0.4226110363391655,0.358744394618834,157,418,11,83
1.5906741909721924,0.2735191637630662,0.9345238095238095,0.4231805929919137,0.3602391629297458,157,417,11,84
1.5792766294544116,0.27399650959860383,0.9345238095238095,0.42375168690958165,0.3617339312406577,157,416,11,85
1.5791310736062718,0.2744755244755245,0.9345238095238095,0.4243243243243244,0.3632286995515695,157,415,11,86
1.5644668560772557,0.27495621716287216,0.9345238095238095,0.4248985115020298,0.36472346786248133,157,414,11,87
1.5613542869963217,0.2736842105263158,0.9285714285714286,0.4227642276422765,0.3632286995515695,156,414,12,87
1.5596884081580626,0.2741652021089631,0.9285714285714286,0.4233378561736771,0.3647234678624814,156,413,12,88
1.5596114661764098,0.2746478873239437,0.9285714285714286,0.42391304347826086,0.3662182361733933,156,412,12,89
1.5591196947774033,0.2751322751322751,0.9285714285714286,0.42448979591836733,0.36771300448430494,156,411,12,90
1.5575819242750466,0.2756183745583039,0.9285714285714286,0.42506811989100823,0.3692077727952167,156,410,12,91
1.5491730477302947,0.2761061946902655,0.9285714285714286,0.4256480218281037,0.3707025411061285,156,409,12,92
1.5476967133000148,0.2765957446808511,0.9285714285714286,0.42622950819672134,0.37219730941704043,156,408,12,93
1.5362151358905827,0.27708703374777977,0.9285714285714286,0.426812585499316,0.37369207772795215,156,407,12,94
1.52021728128491,0.2775800711743772,0.9285714285714286,0.4273972602739726,0.3751868460388639,156,406,12,95
1.5179792497532472,0.27807486631016043,0.9285714285714286,0.4279835390946502,0.37668161434977576,156,405,12,96
1.517740097098591,0.2767857142857143,0.9226190476190477,0.4258241758241759,0.37518684603886404,155,405,13,96
1.5127239611151364,0.2772808586762075,0.9226190476190477,0.4264099037138927,0.3766816143497757,155,404,13,97
1.5063846337870148,0.2777777777777778,0.9226190476190477,0.4269972451790634,0.3781763826606876,155,403,13,98
1.5053278801722474,0.27827648114901254,0.9226190476190477,0.42758620689655163,0.3796711509715994,155,402,13,99
1.505032105905392,0.27697841726618705,0.9166666666666666,0.42541436464088395,0.3781763826606876,154,402,14,99
1.5014183917283397,0.2774774774774775,0.9166666666666666,0.4260027662517289,0.3796711509715995,154,401,14,100
1.4993779893892754,0.2779783393501805,0.9166666666666666,0.42659279778393344,0.3811659192825112,154,400,14,101
1.4937109727184827,0.27848101265822783,0.9166666666666666,0.42718446601941745,0.3826606875934229,154,399,14,102
1.4896211267722939,0.27898550724637683,0.9166666666666666,0.4277777777777778,0.3841554559043349,154,398,14,103
1.4823075746477177,0.279491833030853,0.9166666666666666,0.42837273991655084,0.38565022421524664,154,397,14,104
1.4792121490906807,0.28,0.9166666666666666,0.4289693593314763,0.3871449925261585,154,396,14,105
1.4752177178500971,0.28051001821493626,0.9166666666666666,0.4295676429567643,0.38863976083707036,154,395,14,106
1.4745661011545597,0.28102189781021897,0.9166666666666666,0.4301675977653632,0.3901345291479821,154,394,14,107
1.473355067219421,0.28153564899451555,0.9166666666666666,0.4307692307692307,0.39162929745889385,154,393,14,108
1.4577736163719777,0.2802197802197802,0.9107142857142857,0.4285714285714286,0.3901345291479821,153,393,15,108
1.4557238786260696,0.28073394495412846,0.9107142857142857,0.42917251051893407,0.39162929745889385,153,392,15,109
1.4451806025753868,0.28125,0.9107142857142857,0.42977528089887646,0.3931240657698057,153,391,15,110
1.4417690993070817,0.281767955801105,0.9107142857142857,0.43037974683544306,0.39461883408071746,153,390,15,111
1.437537964480575,0.2822878228782288,0.9107142857142857,0.4309859154929578,0.3961136023916293,153,389,15,112
1.4309667202940048,0.2828096118299446,0.9107142857142857,0.43159379407616355,0.3976083707025412,153,388,15,113
1.4252626543608138,0.2833333333333333,0.9107142857142857,0.43220338983050843,0.39910313901345285,153,387,15,114
1.4151187738437143,0.28385899814471244,0.9107142857142857,0.43281471004243277,0.40059790732436473,153,386,15,115
1.4044985880050753,0.2825278810408922,0.9047619047619048,0.4305949008498584,0.399103139013453,152,386,16,115
1.3991098547933711,0.28305400372439476,0.9047619047619048,0.4312056737588652,0.4005979073243646,152,385,16,116
1.3985682557710766,0.2835820895522388,0.9047619047619048,0.43181818181818177,0.40209267563527645,152,384,16,117
1.3968182597454908,0.2841121495327103,0.9047619047619048,0.4324324324324325,0.40358744394618845,152,383,16,118
1.3927708453608574,0.2846441947565543,0.9047619047619048,0.4330484330484331,0.40508221225710006,152,382,16,119
1.3844578042770088,0.2851782363977486,0.9047619047619048,0.4336661911554922,0.40657698056801206,152,381,16,120
1.3840831777200957,0.2857142857142857,0.9047619047619048,0.43428571428571433,0.4080717488789238,152,380,16,121
1.383297053886815,0.2862523540489642,0.9047619047619048,0.43490701001430615,0.40956651718983555,152,379,16,122
1.3809339550197965,0.2849056603773585,0.8988095238095238,0.4326647564469914,0.40807174887892383,151,379,17,122
1.380200210933871,0.28544423440453687,0.8988095238095238,0.4332855093256815,0.40956651718983555,151,378,17,123
1.3784957255861283,0.2859848484848485,0.8988095238095238,0.4339080459770115,0.41106128550074744,151,377,17,124
1.368734517586889,0.286527514231499,0.8988095238095238,0.4345323741007194,0.4125560538116591,151,376,17,125
1.3683892625805472,0.2870722433460076,0.8988095238095238,0.43515850144092216,0.414050822122571,151,375,17,126
1.3624654023387792,0.2876190476190476,0.8988095238095238,0.43578643578643583,0.4155455904334828,151,374,17,127
1.3557809163958405,0.2881679389312977,0.8988095238095238,0.4364161849710983,0.41704035874439455,151,373,17,128
1.3533575520133754,0.2887189292543021,0.8988095238095238,0.43704775687409547,0.4185351270553063,151,372,17,129
1.347335172522503,0.289272030651341,0.8988095238095238,0.43768115942028996,0.4200298953662182,151,371,17,130
1.3465496210160233,0.28982725527831094,0.8988095238095238,0.43831640058055155,0.42152466367713015,151,370,17,131
1.3459587698888802,0.2903846153846154,0.8988095238095238,0.438953488372093,0.4230194319880419,151,369,17,132
1.3447968744996963,0.2909441233140655,0.8988095238095238,0.4395924308588064,0.42451420029895365,151,368,17,133
1.3428072554197297,0.2915057915057915,0.8988095238095238,0.44023323615160354,0.4260089686098655,151,367,17,134
1.3373430129714403,0.29206963249516443,0.8988095238095238,0.4408759124087591,0.42750373692077726,151,366,17,135
1.331724199890557,0.2926356589147287,0.8988095238095238,0.44152046783625737,0.4289985052316892,151,365,17,136
1.3289496838393018,0.29320388349514565,0.8988095238095238,0.44216691068814057,0.4304932735426009,151,364,17,137
1.3286904848587537,0.29377431906614787,0.8988095238095238,0.44281524926686217,0.4319880418535128,151,363,17,138
1.3285681463138774,0.29434697855750486,0.8988095238095238,0.4434654919236417,0.4334828101644244,151,362,17,139
1.3243770786839806,0.294921875,0.8988095238095238,0.44411764705882356,0.4349775784753363,151,361,17,140
1.3142163740161708,0.29549902152641877,0.8988095238095238,0.44477172312223856,0.43647234678624813,151,360,17,141
1.3014666778716821,0.296078431372549,0.8988095238095238,0.44542772861356933,0.43796711509716,151,359,17,142
1.29488568756451,0.2966601178781925,0.8988095238095238,0.44608567208271777,0.4394618834080717,151,358,17,143
1.2791539375685028,0.2952755905511811,0.8928571428571429,0.4437869822485207,0.43796711509715985,150,358,18,143
1.2761908711634709,0.2958579881656805,0.8928571428571429,0.4444444444444444,0.43946188340807174,150,357,18,144
1.2726069798394035,0.2964426877470356,0.8928571428571429,0.44510385756676557,0.4409566517189836,150,356,18,145
1.270330707247191,0.297029702970297,0.8928571428571429,0.4457652303120357,0.44245142002989535,150,355,18,146
1.2701880539218027,0.2976190476190476,0.8928571428571429,0.4464285714285715,0.44394618834080724,150,354,18,147
1.2674297185994823,0.2982107355864811,0.8928571428571429,0.44709388971684055,0.445440956651719,150,353,18,148
1.2655257476819801,0.29880478087649404,0.8928571428571429,0.4477611940298507,0.4469357249626308,150,352,18,149
1.2634460350484102,0.2994011976047904,0.8928571428571429,0.4484304932735425,0.4484304932735425,150,351,18,150
1.2629154547319301,0.3,0.8928571428571429,0.4491017964071856,0.4499252615844544,150,350,18,151
1.2551973691386695,0.30060120240480964,0.8928571428571429,0.4497751124437781,0.4514200298953664,150,349,18,152
1.2530423241077593,0.2991967871485944,0.8869047619047619,0.44744744744744747,0.4499252615844544,149,349,19,152
1.250469387016793,0.29979879275653926,0.8869047619047619,0.4481203007518797,0.4514200298953663,149,348,19,153
1.2501387463551124,0.3004032258064516,0.8869047619047619,0.44879518072289165,0.4529147982062781,149,347,19,154
1.2452171982386748,0.301010101010101,0.8869047619047619,0.4494720965309201,0.4544095665171898,149,346,19,155
1.2441238415112637,0.3016194331983806,0.8869047619047619,0.4501510574018127,0.45590433482810166,149,345,19,156
1.2383942199869005,0.3022312373225152,0.8869047619047619,0.4508320726172465,0.45739910313901355,149,344,19,157
1.2323349345366947,0.30284552845528456,0.8869047619047619,0.4515151515151516,0.4588938714499253,149,343,19,158
1.2288679607900457,0.3034623217922607,0.8869047619047619,0.45220030349013657,0.46038863976083705,149,342,19,159
1.2266106328844533,0.3040816326530612,0.8869047619047619,0.45288753799392095,0.4618834080717489,149,341,19,160
1.2164884950729766,0.3047034764826176,0.8869047619047619,0.4535768645357687,0.4633781763826607,149,340,19,161
1.2105456849298444,0.305327868852459,0.8869047619047619,0.45426829268292684,0.4648729446935725,149,339,19,162
1.2082390224012192,0.3059548254620123,0.8869047619047619,0.4549618320610686,0.4663677130044843,149,338,19,163
1.2056631487847491,0.3065843621399177,0.8869047619047619,0.4556574923547401,0.46786248131539604,149,337,19,164
1.1823663951609198,0.30721649484536084,0.8869047619047619,0.45635528330781017,0.4693572496263079,149,336,19,165
1.180728807276981,0.30785123966942146,0.8869047619047619,0.4570552147239263,0.47085201793721976,149,335,19,166
1.178777705385297,0.3084886128364389,0.8869047619047619,0.45775729646697383,0.47234678624813153,149,334,19,167
1.1756051223269222,0.3091286307053942,0.8869047619047619,0.45846153846153853,0.4738415545590434,149,333,19,168
1.1716636907621434,0.3097713097713098,0.8869047619047619,0.45916795069337446,0.47533632286995514,149,332,19,169
1.164582270831313,0.3104166666666667,0.8869047619047619,0.45987654320987653,0.476831091180867,149,331,19,170
1.1625327258509481,0.31106471816283926,0.8869047619047619,0.4605873261205564,0.47832585949177875,149,330,19,171
1.1594246783703024,0.30962343096234307,0.8809523809523809,0.45820433436532504,0.476831091180867,148,330,20,171
1.1497412708471144,0.31027253668763105,0.8809523809523809,0.45891472868217054,0.47832585949177886,148,329,20,172
1.1492009001739645,0.31092436974789917,0.8809523809523809,0.4596273291925466,0.4798206278026907,148,328,20,173
1.1489908117837113,0.31157894736842107,0.8809523809523809,0.4603421461897356,0.4813153961136024,148,327,20,174
1.1399900279476531,0.310126582278481,0.875,0.4579439252336449,0.4798206278026905,147,327,21,174
1.1374966555613633,0.3107822410147992,0.875,0.4586583463338534,0.4813153961136024,147,326,21,175
1.1371335163044811,0.3093220338983051,0.8690476190476191,0.45625,0.4798206278026907,146,326,22,175
1.1348846837307967,0.3099787685774947,0.8690476190476191,0.45696400625978095,0.4813153961136024,146,325,22,176
1.130780835119759,0.31063829787234043,0.8690476190476191,0.457680250783699,0.4828101644245142,146,324,22,177
1.1302087564586216,0.3091684434968017,0.8630952380952381,0.4552590266875982,0.4813153961136024,145,324,23,177
1.1283878872768056,0.30982905982905984,0.8630952380952381,0.4559748427672956,0.4828101644245143,145,323,23,178
1.1250603811393114,0.31049250535331907,0.8630952380952381,0.45669291338582674,0.4843049327354261,145,322,23,179
1.1191396560093028,0.3111587982832618,0.8630952380952381,0.45741324921135657,0.4857997010463378,145,321,23,180
1.115922725000573,0.3118279569892473,0.8630952380952381,0.45813586097946296,0.4872944693572495,145,320,23,181
1.1143195327872994,0.3125,0.8630952380952381,0.4588607594936709,0.48878923766816146,145,319,23,182
1.1133895670119056,0.31317494600431967,0.8630952380952381,0.4595879556259906,0.49028400597907323,145,318,23,183
1.1064397444135723,0.3116883116883117,0.8571428571428571,0.45714285714285713,0.48878923766816146,144,318,24,183
1.1046178346080575,0.3123644251626898,0.8571428571428571,0.4578696343402226,0.49028400597907323,144,317,24,184
1.1012818097688797,0.3130434782608696,0.8571428571428571,0.4585987261146497,0.49177877428998507,144,316,24,185
1.0977220104115442,0.3115468409586057,0.8511904761904762,0.456140350877193,0.49028400597907335,143,316,25,185
1.0966625229529623,0.31004366812227074,0.8452380952380952,0.45367412140575075,0.48878923766816146,142,316,26,185
1.0924091027049858,0.31072210065645517,0.8452380952380952,0.4544,0.49028400597907323,142,315,26,186
1.0897708457853694,0.3092105263157895,0.8392857142857143,0.4519230769230769,0.48878923766816146,141,315,27,186
1.0883016584327592,0.3076923076923077,0.8333333333333334,0.4494382022471911,0.4872944693572496,140,315,28,186
1.0811382888730736,0.30837004405286345,0.8333333333333334,0.45016077170418,0.48878923766816146,140,314,28,187
1.073604872436126,0.3090507726269316,0.8333333333333334,0.45088566827697274,0.49028400597907323,140,313,28,188
1.0713898829293675,0.30973451327433627,0.8333333333333334,0.45161290322580644,0.49177877428998507,140,312,28,189
1.070485731068205,0.31042128603104213,0.8333333333333334,0.4523424878836834,0.49327354260089684,140,311,28,190
1.0665023143236252,0.3111111111111111,0.8333333333333334,0.45307443365695804,0.4947683109118087,140,310,28,191
1.066459421443598,0.311804008908686,0.8333333333333334,0.45380875202593196,0.49626307922272056,140,309,28,192
1.0649130571388554,0.31026785714285715,0.8273809523809523,0.45129870129870125,0.49476831091180873,139,309,29,192
1.0540850810889741,0.31096196868008946,0.8273809523809523,0.45203252032520325,0.4962630792227205,139,308,29,193
1.0540169606011418,0.3094170403587444,0.8214285714285714,0.4495114006514658,0.4947683109118087,138,308,30,193
1.053168931849853,0.30786516853932583,0.8154761904761905,0.44698205546492653,0.49327354260089684,137,308,31,193
1.0504230091868922,0.30855855855855857,0.8154761904761905,0.44771241830065356,0.49476831091180873,137,307,31,194
1.0404144752144442,0.309255079006772,0.8154761904761905,0.4484451718494271,0.4962630792227205,137,306,31,195
1.0391126824865482,0.30995475113122173,0.8154761904761905,0.4491803278688524,0.4977578475336323,137,305,31,196
1.038114628570969,0.31065759637188206,0.8154761904761905,0.4499178981937602,0.4992526158445441,137,304,31,197
1.0347180532833005,0.31136363636363634,0.8154761904761905,0.4506578947368421,0.5007473841554558,137,303,31,198
1.0333636861945228,0.3120728929384966,0.8154761904761905,0.45140032948929165,0.5022421524663677,137,302,31,199
1.0304960637498708,0.3105022831050228,0.8095238095238095,0.44884488448844884,0.5007473841554559,136,302,32,199
1.0180847554529486,0.3112128146453089,0.8095238095238095,0.44958677685950404,0.5022421524663677,136,301,32,200
1.0141800579056104,0.3119266055045872,0.8095238095238095,0.45033112582781454,0.5037369207772795,136,300,32,201
1.0102883227402875,0.31264367816091954,0.8095238095238095,0.451077943615257,0.5052316890881914,136,299,32,202
1.006216400063319,0.31336405529953915,0.8095238095238095,0.45182724252491696,0.506726457399103,136,298,32,203
1.0061847780759807,0.3117782909930716,0.8035714285714286,0.44925124792013316,0.5052316890881913,135,298,33,203
1.0021077301431136,0.3125,0.8035714285714286,0.45,0.5067264573991032,135,297,33,204
0.9996484897279884,0.3109048723897912,0.7976190476190477,0.4474123539232054,0.5052316890881914,134,297,34,204
0.9981933497516459,0.3116279069767442,0.7976190476190477,0.44816053511705684,0.5067264573991032,134,296,34,205
0.9962603439456762,0.3123543123543124,0.7976190476190477,0.44891122278056955,0.508221225710015,134,295,34,206
0.9939323773036172,0.3130841121495327,0.7976190476190477,0.44966442953020136,0.5097159940209267,134,294,34,207
0.9937738594584271,0.3114754098360656,0.7916666666666666,0.4470588235294118,0.508221225710015,133,294,35,207
0.9843207140620582,0.30985915492957744,0.7857142857142857,0.4444444444444445,0.5067264573991032,132,294,36,207
0.9828731598121659,0.31058823529411766,0.7857142857142857,0.4451939291736931,0.5082212257100149,132,293,36,208
0.9827452465284319,0.3113207547169811,0.7857142857142857,0.44594594594594594,0.5097159940209267,132,292,36,209
0.9817044957974987,0.3120567375886525,0.7857142857142857,0.44670050761421326,0.5112107623318386,132,291,36,210
0.9784026797188555,0.3104265402843602,0.7797619047619048,0.4440677966101695,0.5097159940209267,131,291,37,210
0.9779851620947295,0.31116389548693585,0.7797619047619048,0.4448217317487266,0.5112107623318385,131,290,37,211
0.9762048113802141,0.3119047619047619,0.7797619047619048,0.44557823129251695,0.5127055306427504,131,289,37,212
0.9759446179903225,0.3126491646778043,0.7797619047619048,0.44633730834752977,0.5142002989536621,131,288,37,213
0.9752716608922286,0.3133971291866029,0.7797619047619048,0.4470989761092151,0.515695067264574,131,287,37,214
0.9740801610698288,0.3117505995203837,0.7738095238095238,0.4444444444444445,0.5142002989536623,130,287,38,214
0.9684676386107207,0.3125,0.7738095238095238,0.44520547945205485,0.515695067264574,130,286,38,215
0.9668968498289853,0.3132530120481928,0.7738095238095238,0.44596912521440824,0.5171898355754858,130,285,38,216
0.9660457900275379,0.3115942028985507,0.7678571428571429,0.443298969072165,0.515695067264574,129,285,39,216
0.9658780237202357,0.31234866828087166,0.7678571428571429,0.44406196213425125,0.5171898355754857,129,284,39,217
0.9616072357889579,0.3131067961165049,0.7678571428571429,0.4448275862068966,0.5186846038863976,129,283,39,218
0.9568571764483459,0.31143552311435524,0.7619047619047619,0.4421416234887737,0.5171898355754859,128,283,40,218
0.9568225942435878,0.3121951219512195,0.7619047619047619,0.4429065743944637,0.5186846038863976,128,282,40,219
0.9542423788949077,0.31295843520782396,0.7619047619047619,0.4436741767764298,0.5201793721973094,128,281,40,220
0.9469736306054378,0.3137254901960784,0.7619047619047619,0.4444444444444444,0.5216741405082213,128,280,40,221
0.9450059047975873,0.3144963144963145,0.7619047619047619,0.44521739130434784,0.5231689088191329,128,279,40,222
0.9447318164069124,0.312807881773399,0.7559523809523809,0.44250871080139376,0.5216741405082213,127,279,41,222
0.9397082994983065,0.3111111111111111,0.75,0.4397905759162304,0.5201793721973094,126,279,42,222
0.9373886657829239,0.3118811881188119,0.75,0.4405594405594405,0.5216741405082214,126,278,42,223
0.9355472688753536,0.31265508684863524,0.75,0.4413309982486865,0.523168908819133,126,277,42,224
0.9350735394773535,0.31343283582089554,0.75,0.4421052631578948,0.5246636771300448,126,276,42,225
0.9338704860285949,0.3117206982543641,0.7440476190476191,0.4393673110720563,0.5231689088191331,125,276,43,225
0.9319327945335915,0.3125,0.7440476190476191,0.44014084507042256,0.5246636771300448,125,275,43,226
0.9318170652362238,0.3132832080200501,0.7440476190476191,0.4409171075837742,0.5261584454409567,125,274,43,227
0.928245218226063,0.31155778894472363,0.7380952380952381,0.4381625441696113,0.5246636771300448,124,274,44,227
0.9261272128151093,0.3123425692695214,0.7380952380952381,0.4389380530973452,0.5261584454409567,124,273,44,228
0.9180676670213116,0.31313131313131315,0.7380952380952381,0.4397163120567376,0.5276532137518685,124,272,44,229
0.9175615029846377,0.3139240506329114,0.7380952380952381,0.4404973357015986,0.5291479820627802,124,271,44,230
0.9175203690196163,0.31218274111675126,0.7321428571428571,0.43772241992882566,0.5276532137518686,123,271,45,230
0.9158614860105336,0.31297709923664124,0.7321428571428571,0.4385026737967914,0.5291479820627804,123,270,45,231
0.9134233101127123,0.3137755102040816,0.7321428571428571,0.4392857142857143,0.5306427503736921,123,269,45,232
0.9131197364220073,0.3145780051150895,0.7321428571428571,0.4400715563506261,0.5321375186846039,123,268,45,233
0.906874222304589,0.3153846153846154,0.7321428571428571,0.4408602150537635,0.5336322869955157,123,267,45,234
0.9047764471073644,0.3161953727506427,0.7321428571428571,0.44165170556552963,0.5351270553064276,123,266,45,235
0.903812477235547,0.31443298969072164,0.7261904761904762,0.4388489208633094,0.5336322869955157,122,266,46,235
0.9010509137340167,0.31266149870801035,0.7202380952380952,0.4360360360360361,0.5321375186846039,121,266,47,235
0.8945797859949375,0.3134715025906736,0.7202380952380952,0.43682310469314084,0.5336322869955157,121,265,47,236
0.8937850105256725,0.3116883116883117,0.7142857142857143,0.43399638336347196,0.5321375186846039,120,265,48,236
0.8889696141169124,0.3125,0.7142857142857143,0.43478260869565216,0.5336322869955157,120,264,48,237
0.8888170762132729,0.3133159268929504,0.7142857142857143,0.43557168784029043,0.5351270553064275,120,263,48,238
0.8853062255746048,0.31413612565445026,0.7142857142857143,0.4363636363636364,0.5366218236173393,120,262,48,239
0.8842940918708767,0.31496062992125984,0.7142857142857143,0.4371584699453552,0.5381165919282511,120,261,48,240
0.8770832875353527,0.3157894736842105,0.7142857142857143,0.437956204379562,0.5396113602391629,120,260,48,241
0.8740450750267797,0.316622691292876,0.7142857142857143,0.43875685557586835,0.5411061285500748,120,259,48,242
0.8715698299240867,0.31746031746031744,0.7142857142857143,0.43956043956043955,0.5426008968609864,120,258,48,243
0.8703984646366086,0.3183023872679045,0.7142857142857143,0.44036697247706413,0.5440956651718983,120,257,48,244
0.8663422412415255,0.3191489361702128,0.7142857142857143,0.4411764705882353,0.5455904334828101,120,256,48,245
0.8634968657299525,0.32,0.7142857142857143,0.44198895027624313,0.547085201793722,120,255,48,246
0.8530598516998024,0.32085561497326204,0.7142857142857143,0.44280442804428044,0.5485799701046338,120,254,48,247
0.8509652343797661,0.32171581769436997,0.7142857142857143,0.44362292051756014,0.5500747384155455,120,253,48,248
0.8458150319679568,0.3225806451612903,0.7142857142857143,0.4444444444444444,0.5515695067264574,120,252,48,249
0.8414038695426865,0.32075471698113206,0.7083333333333334,0.44155844155844154,0.5500747384155455,119,252,49,249
0.8360283728758912,0.3216216216216216,0.7083333333333334,0.44237918215613387,0.5515695067264574,119,251,49,250
0.8353549964664747,0.3224932249322493,0.7083333333333334,0.44320297951582865,0.5530642750373692,119,250,49,251
0.8330252978410341,0.3233695652173913,0.7083333333333334,0.44402985074626866,0.554559043348281,119,249,49,252
0.8325088990848856,0.3242506811989101,0.7083333333333334,0.4448598130841122,0.5560538116591929,119,248,49,253
0.8317446813939472,0.3251366120218579,0.7083333333333334,0.4456928838951311,0.5575485799701047,119,247,49,254
0.8298858737819051,0.32602739726027397,0.7083333333333334,0.44652908067542213,0.5590433482810164,119,246,49,255
0.8283657940295148,0.3269230769230769,0.7083333333333334,0.4473684210526316,0.5605381165919282,119,245,49,256
0.8266095622152446,0.3278236914600551,0.7083333333333334,0.44821092278719393,0.5620328849028401,119,244,49,257
0.8263955642460936,0.3287292817679558,0.7083333333333334,0.4490566037735849,0.5635276532137519,119,243,49,258
0.8238392391294423,0.3268698060941828,0.7023809523809523,0.4461247637051039,0.5620328849028401,118,243,50,258
0.8149172727690196,0.3277777777777778,0.7023809523809523,0.446969696969697,0.5635276532137519,118,242,50,259
0.8074807571790316,0.3286908077994429,0.7023809523809523,0.4478178368121442,0.5650224215246636,118,241,50,260
0.8061490541241291,0.329608938547486,0.7023809523809523,0.4486692015209125,0.5665171898355755,118,240,50,261
0.8050948756041733,0.3277310924369748,0.6964285714285714,0.44571428571428573,0.5650224215246636,117,240,51,261
0.802525833462615,0.32865168539325845,0.6964285714285714,0.4465648854961833,0.5665171898355755,117,239,51,262
0.801971043327668,0.3267605633802817,0.6904761904761905,0.4435946462715105,0.5650224215246636,116,239,52,262
0.801164565438606,0.327683615819209,0.6904761904761905,0.44444444444444436,0.5665171898355755,116,238,52,263
0.7995478936879211,0.3286118980169972,0.6904761904761905,0.4452975047984645,0.5680119581464873,116,237,52,264
0.798407966774203,0.32954545454545453,0.6904761904761905,0.44615384615384607,0.5695067264573991,116,236,52,265
0.7982434144960656,0.32763532763532766,0.6845238095238095,0.4431599229287091,0.5680119581464873,115,236,53,265
0.7935278495390824,0.32857142857142857,0.6845238095238095,0.44401544401544407,0.5695067264573991,115,235,53,266
0.791748360389426,0.32951289398280803,0.6845238095238095,0.4448742746615087,0.5710014947683109,115,234,53,267
0.7905048603158206,0.3275862068965517,0.6785714285714286,0.441860465116279,0.5695067264573991,114,234,54,267
0.7892358777071288,0.3285302593659942,0.6785714285714286,0.44271844660194176,0.5710014947683109,114,233,54,268
0.7788636250494269,0.32947976878612717,0.6785714285714286,0.443579766536965,0.5724962630792227,114,232,54,269
0.7699479523789253,0.33043478260869563,0.6785714285714286,0.44444444444444436,0.5739910313901345,114,231,54,270
0.769671690702524,0.3313953488372093,0.6785714285714286,0.4453125,0.5754857997010463,114,230,54,271
0.7694868989325198,0.3323615160349854,0.6785714285714286,0.44618395303326813,0.5769805680119582,114,229,54,272
0.7669491933476635,0.3333333333333333,0.6785714285714286,0.4470588235294118,0.5784753363228698,114,228,54,273
0.7662872849029584,0.3313782991202346,0.6726190476190477,0.444007858546169,0.576980568011958,113,228,55,273
0.7652528908875164,0.3323529411764706,0.6726190476190477,0.44488188976377957,0.5784753363228697,113,227,55,274
0.7640716281391224,0.3303834808259587,0.6666666666666666,0.4418145956607495,0.5769805680119582,112,227,56,274
0.7631310076838232,0.33136094674556216,0.6666666666666666,0.4426877470355732,0.57847533632287,112,226,56,275
0.7625728494479929,0.3323442136498516,0.6666666666666666,0.4435643564356435,0.5799701046337817,112,225,56,276
0.7622826943685651,0.33035714285714285,0.6607142857142857,0.44047619047619047,0.57847533632287,111,225,57,276
0.7618963767283558,0.33134328358208953,0.6607142857142857,0.441351888667992,0.5799701046337817,111,224,57,277
0.7543226289175252,0.3323353293413174,0.6607142857142857,0.44223107569721115,0.5814648729446936,111,223,57,278
0.7509479839201818,0.3303303303303303,0.6547619047619048,0.43912175648702595,0.5799701046337817,110,223,58,278
0.7497969422807319,0.3313253012048193,0.6547619047619048,0.44,0.5814648729446936,110,222,58,279
0.7489866175481721,0.3323262839879154,0.6547619047619048,0.4408817635270541,0.5829596412556054,110,221,58,280
0.747383043298847,0.3333333333333333,0.6547619047619048,0.44176706827309237,0.5844544095665172,110,220,58,281
0.745407072138219,0.331306990881459,0.6488095238095238,0.43863179074446684,0.5829596412556054,109,220,59,281
0.7393909808699225,0.3323170731707317,0.6488095238095238,0.43951612903225806,0.5844544095665172,109,219,59,282
0.737489369084555,0.3333333333333333,0.6488095238095238,0.4404040404040404,0.585949177877429,109,218,59,283
0.7365536792753681,0.3343558282208589,0.6488095238095238,0.44129554655870445,0.5874439461883408,109,217,59,284
0.7357099935561977,0.3353846153846154,0.6488095238095238,0.4421906693711968,0.5889387144992526,109,216,59,285
0.7345971910455454,0.33641975308641975,0.6488095238095238,0.44308943089430897,0.5904334828101644,109,215,59,286
0.7342638485651346,0.33746130030959753,0.6488095238095238,0.4439918533604888,0.5919282511210763,109,214,59,287
0.7338594058602602,0.3385093167701863,0.6488095238095238,0.4448979591836734,0.593423019431988,109,213,59,288
0.7329204952117339,0.3395638629283489,0.6488095238095238,0.44580777096114516,0.5949177877428997,109,212,59,289
0.7266699323110087,0.340625,0.6488095238095238,0.44672131147540983,0.5964125560538116,109,211,59,290
0.7265263606145457,0.34169278996865204,0.6488095238095238,0.4476386036960986,0.5979073243647235,109,210,59,291
0.7246856051997259,0.33962264150943394,0.6428571428571429,0.4444444444444444,0.5964125560538115,108,210,60,291
0.7206280528637864,0.33753943217665616,0.6369047619047619,0.44123711340206184,0.5949177877428998,107,210,61,291
0.7198946181914283,0.33860759493670883,0.6369047619047619,0.4421487603305784,0.5964125560538116,107,209,61,292
0.7141444452879947,0.3396825396825397,0.6369047619047619,0.44306418219461696,0.5979073243647235,107,208,61,293
0.7077329833450922,0.34076433121019106,0.6369047619047619,0.4439834024896265,0.5994020926756353,107,207,61,294
0.7058325292495531,0.34185303514376997,0.6369047619047619,0.4449064449064449,0.600896860986547,107,206,61,295
0.7052211243590604,0.34294871794871795,0.6369047619047619,0.44583333333333336,0.6023916292974589,107,205,61,296
0.7048009997923167,0.3408360128617363,0.6309523809523809,0.44258872651356995,0.600896860986547,106,205,62,296
0.7023947630323223,0.3419354838709677,0.6309523809523809,0.4435146443514644,0.6023916292974589,106,204,62,297
0.6989072304926859,0.343042071197411,0.6309523809523809,0.4444444444444445,0.6038863976083707,106,203,62,298
0.6931949239594214,0.34415584415584416,0.6309523809523809,0.44537815126050423,0.6053811659192825,106,202,62,299
0.6914182728048649,0.34527687296416937,0.6309523809523809,0.4463157894736842,0.6068759342301944,106,201,62,300
0.6906844736477863,0.3464052287581699,0.6309523809523809,0.4472573839662447,0.6083707025411061,106,200,62,301
0.6883643466290036,0.3475409836065574,0.6309523809523809,0.4482029598308668,0.6098654708520179,106,199,62,302
0.6878255918042605,0.34868421052631576,0.6309523809523809,0.4491525423728813,0.6113602391629297,106,198,62,303
0.6842945896232467,0.34983498349834985,0.6309523809523809,0.45010615711252655,0.6128550074738416,106,197,62,304
0.6832383757317769,0.3509933774834437,0.6309523809523809,0.451063829787234,0.6143497757847534,106,196,62,305
0.6812808806124232,0.3488372093023256,0.625,0.44776119402985076,0.6128550074738416,105,196,63,305
0.6798077599526815,0.35,0.625,0.44871794871794873,0.6143497757847534,105,195,63,306
0.6795216932780314,0.3511705685618729,0.625,0.44967880085653106,0.6158445440956651,105,194,63,307
0.6786924284336978,0.3523489932885906,0.625,0.45064377682403434,0.617339312406577,105,193,63,308
0.6753477857541571,0.35353535353535354,0.625,0.45161290322580644,0.6188340807174888,105,192,63,309
0.6742114561719449,0.3547297297297297,0.625,0.4525862068965517,0.6203288490284006,105,191,63,310
0.6718808794332832,0.3559322033898305,0.625,0.4535637149028078,0.6218236173393124,105,190,63,311
0.6715328564795003,0.35374149659863946,0.6190476190476191,0.45021645021645024,0.6203288490284006,104,190,64,311
0.662861548616289,0.35494880546075086,0.6190476190476191,0.45119305856832975,0.6218236173393124,104,189,64,312
0.6537393376741328,0.3561643835616438,0.6190476190476191,0.45217391304347826,0.6233183856502242,104,188,64,313
0.652952379365037,0.35738831615120276,0.6190476190476191,0.4531590413943355,0.624813153961136,104,187,64,314
0.6527475625499806,0.35517241379310344,0.6130952380952381,0.44978165938864634,0.6233183856502242,103,187,65,314
0.6514288357525221,0.356401384083045,0.6130952380952381,0.45076586433260396,0.624813153961136,103,186,65,315
0.6486247988488679,0.3576388888888889,0.6130952380952381,0.45175438596491235,0.6263079222720478,103,185,65,316
0.6479970779032901,0.3588850174216028,0.6130952380952381,0.4527472527472528,0.6278026905829597,103,184,65,317
0.6467718305655202,0.36013986013986016,0.6130952380952381,0.4537444933920705,0.6292974588938715,103,183,65,318
0.6432787593139955,0.36140350877192984,0.6130952380952381,0.4547461368653422,0.6307922272047832,103,182,65,319
0.6356407447250597,0.3626760563380282,0.6130952380952381,0.4557522123893805,0.6322869955156951,103,181,65,320
0.6350635801493053,0.36042402826855124,0.6071428571428571,0.45232815964523276,0.6307922272047832,102,181,66,320
0.6340466381851915,0.3617021276595745,0.6071428571428571,0.4533333333333333,0.6322869955156951,102,180,66,321
0.6317299311232875,0.3594306049822064,0.6011904761904762,0.4498886414253898,0.6307922272047832,101,180,67,321
0.629381225798367,0.3607142857142857,0.6011904761904762,0.45089285714285715,0.6322869955156951,101,179,67,322
0.6287895396074373,0.36200716845878134,0.6011904761904762,0.45190156599552567,0.6337817638266069,101,178,67,323
0.62462776360755,0.3597122302158273,0.5952380952380952,0.4484304932735426,0.6322869955156951,100,178,68,323
0.6235246062566053,0.36101083032490977,0.5952380952380952,0.449438202247191,0.6337817638266069,100,177,68,324
0.6214226936298558,0.358695652173913,0.5892857142857143,0.445945945945946,0.6322869955156951,99,177,69,324
0.6209857313877166,0.36,0.5892857142857143,0.44695259593679454,0.6337817638266069,99,176,69,325
0.6200508034180015,0.3613138686131387,0.5892857142857143,0.4479638009049774,0.6352765321375187,99,175,69,326
0.610116345267131,0.3626373626373626,0.5892857142857143,0.4489795918367347,0.6367713004484304,99,174,69,327
0.6060457281092961,0.3602941176470588,0.5833333333333334,0.4454545454545455,0.6352765321375187,98,174,70,327
0.6058232845295263,0.35793357933579334,0.5773809523809523,0.44191343963553525,0.6337817638266069,97,174,71,327
0.5972916071504543,0.3592592592592593,0.5773809523809523,0.4429223744292237,0.6352765321375188,97,173,71,328
0.595014040498881,0.35687732342007433,0.5714285714285714,0.4393592677345537,0.6337817638266069,96,173,72,328
0.5943177664999917,0.35447761194029853,0.5654761904761905,0.43577981651376146,0.6322869955156951,95,173,73,328
0.5943071358538153,0.35580524344569286,0.5654761904761905,0.43678160919540227,0.6337817638266069,95,172,73,329
0.5899961791178306,0.3533834586466165,0.5595238095238095,0.43317972350230416,0.6322869955156951,94,172,74,329
0.5881056695601875,0.35471698113207545,0.5595238095238095,0.43418013856812937,0.6337817638266069,94,171,74,330
0.5873427338491802,0.3560606060606061,0.5595238095238095,0.43518518518518523,0.6352765321375187,94,170,74,331
0.5866458633859016,0.3574144486692015,0.5595238095238095,0.43619489559164737,0.6367713004484304,94,169,74,332
0.5845177386342667,0.3549618320610687,0.5535714285714286,0.4325581395348837,0.6352765321375187,93,169,75,332
0.5838529751905794,0.3563218390804598,0.5535714285714286,0.4335664335664336,0.6367713004484304,93,168,75,333
0.5831090052346899,0.3576923076923077,0.5535714285714286,0.43457943925233644,0.6382660687593423,93,167,75,334
0.5790693874843832,0.3590733590733591,0.5535714285714286,0.4355971896955504,0.6397608370702541,93,166,75,335
0.5754831768431469,0.36046511627906974,0.5535714285714286,0.4366197183098592,0.6412556053811659,93,165,75,336
0.5745376734003128,0.36186770428015563,0.5535714285714286,0.4376470588235294,0.6427503736920778,93,164,75,337
0.5725501261670721,0.359375,0.5476190476190477,0.4339622641509434,0.6412556053811659,92,164,76,337
0.5704996466010567,0.3607843137254902,0.5476190476190477,0.43498817966903075,0.6427503736920778,92,163,76,338
0.5703886219391939,0.35826771653543305,0.5416666666666666,0.4312796208530806,0.6412556053811659,91,163,77,338
0.5650650469734688,0.3557312252964427,0.5357142857142857,0.4275534441805225,0.6397608370702541,90,163,78,338
0.5622052543129475,0.35714285714285715,0.5357142857142857,0.4285714285714286,0.6412556053811659,90,162,78,339
0.5580738295934826,0.35856573705179284,0.5357142857142857,0.42959427207637235,0.6427503736920778,90,161,78,340
0.5575948475854505,0.36,0.5357142857142857,0.43062200956937796,0.6442451420029895,90,160,78,341
0.5566076559450018,0.3614457831325301,0.5357142857142857,0.43165467625899284,0.6457399103139013,90,159,78,342
0.5561209002245421,0.3588709677419355,0.5297619047619048,0.42788461538461536,0.6442451420029895,89,159,79,342
0.5552724331145553,0.3603238866396761,0.5297619047619048,0.42891566265060244,0.6457399103139013,89,158,79,343
0.55462684846583,0.3617886178861789,0.5297619047619048,0.429951690821256,0.6472346786248132,89,157,79,344
0.5538275444511003,0.363265306122449,0.5297619047619048,0.43099273607748184,0.648729446935725,89,156,79,345
0.5530595959365162,0.36065573770491804,0.5238095238095238,0.42718446601941745,0.6472346786248132,88,156,80,345
0.5517645335338554,0.36213991769547327,0.5238095238095238,0.4282238442822385,0.648729446935725,88,155,80,346
0.5513810732214345,0.36363636363636365,0.5238095238095238,0.4292682926829269,0.6502242152466368,88,154,80,347
0.550903317931316,0.3651452282157676,0.5238095238095238,0.43031784841075793,0.6517189835575485,88,153,80,348
0.5498266783095783,0.3625,0.5178571428571429,0.4264705882352941,0.6502242152466368,87,153,81,348
0.5431170750254998,0.3598326359832636,0.5119047619047619,0.4226044226044226,0.648729446935725,86,153,82,348
0.5430520124673022,0.36134453781512604,0.5119047619047619,0.4236453201970443,0.6502242152466368,86,152,82,349
0.5429565990068447,0.35864978902953587,0.5059523809523809,0.41975308641975306,0.648729446935725,85,152,83,349
0.5380435468641407,0.3559322033898305,0.5,0.4158415841584159,0.6472346786248132,84,152,84,349
0.5370484889925554,0.35319148936170214,0.49404761904761907,0.41191066997518616,0.6457399103139013,83,152,85,349
0.5368584308803876,0.3504273504273504,0.4880952380952381,0.40796019900497515,0.6442451420029895,82,152,86,349
0.5360586906454908,0.351931330472103,0.4880952380952381,0.40897755610972564,0.6457399103139013,82,151,86,350
0.5341199794457171,0.35344827586206895,0.4880952380952381,0.4099999999999999,0.6472346786248132,82,150,86,351
0.530244375975674,0.354978354978355,0.4880952380952381,0.41102756892230574,0.648729446935725,82,149,86,352
0.5297656052781589,0.3565217391304348,0.4880952380952381,0.4120603015075377,0.6502242152466368,82,148,86,353
0.5279384023951251,0.35807860262008734,0.4880952380952381,0.41309823677581864,0.6517189835575485,82,147,86,354
0.5276594702649886,0.35964912280701755,0.4880952380952381,0.4141414141414141,0.6532137518684604,82,146,86,355
0.527411567876378,0.3568281938325991,0.48214285714285715,0.41012658227848103,0.6517189835575485,81,146,87,355
0.5266959492292195,0.3584070796460177,0.48214285714285715,0.4111675126903553,0.6532137518684604,81,145,87,356
0.5254604667970231,0.35555555555555557,0.47619047619047616,0.40712468193384227,0.6517189835575485,80,145,88,356
0.5243187955907401,0.35714285714285715,0.47619047619047616,0.40816326530612246,0.6532137518684604,80,144,88,357
0.5206712921658682,0.3542600896860987,0.47023809523809523,0.4040920716112532,0.6517189835575485,79,144,89,357
0.5191930405456793,0.35585585585585583,0.47023809523809523,0.4051282051282051,0.6532137518684604,79,143,89,358
0.5186844486606309,0.3574660633484163,0.47023809523809523,0.4061696658097687,0.6547085201793722,79,142,89,359
0.5184736871622002,0.35909090909090907,0.47023809523809523,0.4072164948453608,0.656203288490284,79,141,89,360
0.5183323172841257,0.3607305936073059,0.47023809523809523,0.4082687338501292,0.6576980568011959,79,140,89,361
0.5167977120244353,0.3623853211009174,0.47023809523809523,0.4093264248704663,0.6591928251121076,79,139,89,362
0.5166919339537188,0.3640552995391705,0.47023809523809523,0.41038961038961036,0.6606875934230194,79,138,89,363
0.5154452395757311,0.36574074074074076,0.47023809523809523,0.4114583333333333,0.6621823617339312,79,137,89,364
0.5097493149284474,0.3674418604651163,0.47023809523809523,0.412532637075718,0.6636771300448431,79,136,89,365
0.5072722820724502,0.3691588785046729,0.47023809523809523,0.41361256544502617,0.6651718983557549,79,135,89,366
0.5072570973067924,0.37089201877934275,0.47023809523809523,0.4146981627296588,0.6666666666666666,79,134,89,367
0.5056308038538414,0.37264150943396224,0.47023809523809523,0.4157894736842105,0.6681614349775785,79,133,89,368
0.5042934942710816,0.3696682464454976,0.4642857142857143,0.4116094986807388,0.6666666666666666,78,133,90,368
0.5038736851659916,0.37142857142857144,0.4642857142857143,0.41269841269841273,0.6681614349775785,78,132,90,369
0.5029606424647991,0.37320574162679426,0.4642857142857143,0.41379310344827586,0.6696562032884903,78,131,90,370
0.49711330658090375,0.375,0.4642857142857143,0.4148936170212766,0.6711509715994021,78,130,90,371
0.49659182332070895,0.37681159420289856,0.4642857142857143,0.41600000000000004,0.672645739910314,78,129,90,372
0.4952970232860651,0.3786407766990291,0.4642857142857143,0.4171122994652407,0.6741405082212257,78,128,90,373
0.4911016761921736,0.3804878048780488,0.4642857142857143,0.41823056300268097,0.6756352765321375,78,127,90,374
0.49098097713757555,0.38235294117647056,0.4642857142857143,0.41935483870967744,0.6771300448430493,78,126,90,375
0.4891733772001485,0.3793103448275862,0.4583333333333333,0.4150943396226415,0.6756352765321375,77,126,91,375
0.4871322223145575,0.37623762376237624,0.4523809523809524,0.4108108108108108,0.6741405082212257,76,126,92,375
0.48638284840899915,0.3781094527363184,0.4523809523809524,0.41192411924119243,0.6756352765321375,76,125,92,376
0.4832925868182721,0.375,0.44642857142857145,0.40760869565217395,0.6741405082212257,75,125,93,376
0.48249731671598073,0.3768844221105528,0.44642857142857145,0.40871934604904636,0.6756352765321375,75,124,93,377
0.4808625700499141,0.3787878787878788,0.44642857142857145,0.4098360655737705,0.6771300448430493,75,123,93,378
0.4794527272904124,0.38071065989847713,0.44642857142857145,0.410958904109589,0.6786248131539612,75,122,93,379
0.4782573709165859,0.3826530612244898,0.44642857142857145,0.41208791208791207,0.680119581464873,75,121,93,380
0.47636999612075265,0.37948717948717947,0.44047619047619047,0.40771349862258954,0.6786248131539612,74,121,94,380
0.4739009619072625,0.38144329896907214,0.44047619047619047,0.4088397790055248,0.680119581464873,74,120,94,381
0.47199019023878125,0.37823834196891193,0.43452380952380953,0.4044321329639889,0.6786248131539612,73,120,95,381
0.4688526893665719,0.3802083333333333,0.43452380952380953,0.40555555555555556,0.680119581464873,73,119,95,382
0.4683168179592429,0.3769633507853403,0.42857142857142855,0.4011142061281337,0.6786248131539612,72,119,96,382
0.4667771891080282,0.37894736842105264,0.42857142857142855,0.40223463687150834,0.680119581464873,72,118,96,383
0.46326357972960036,0.38095238095238093,0.42857142857142855,0.4033613445378151,0.6816143497757847,72,117,96,384
0.46043450638988515,0.3776595744680851,0.4226190476190476,0.398876404494382,0.680119581464873,71,117,97,384
0.4590317456641832,0.37967914438502676,0.4226190476190476,0.39999999999999997,0.6816143497757847,71,116,97,385
0.45874609829741103,0.3817204301075269,0.4226190476190476,0.4011299435028249,0.6831091180866966,71,115,97,386
0.4570177754702373,0.3837837837837838,0.4226190476190476,0.40226628895184136,0.6846038863976084,71,114,97,387
0.45562147083865473,0.3858695652173913,0.4226190476190476,0.4034090909090909,0.6860986547085202,71,113,97,388
0.45036864022330386,0.3825136612021858,0.4166666666666667,0.3988603988603988,0.6846038863976084,70,113,98,388
0.4490733202090473,0.38461538461538464,0.4166666666666667,0.4,0.6860986547085202,70,112,98,389
0.44543843207169376,0.3867403314917127,0.4166666666666667,0.4011461318051576,0.6875934230194319,70,111,98,390
0.4451110256176656,0.38333333333333336,0.4107142857142857,0.396551724137931,0.6860986547085202,69,111,99,390
0.4416382254448814,0.3854748603351955,0.4107142857142857,0.3976945244956772,0.6875934230194319,69,110,99,391
0.4402923357736528,0.38764044943820225,0.4107142857142857,0.3988439306358381,0.6890881913303438,69,109,99,392
0.43692950123984886,0.3898305084745763,0.4107142857142857,0.4,0.6905829596412556,69,108,99,393
0.43591399396875863,0.39204545454545453,0.4107142857142857,0.40116279069767447,0.6920777279521674,69,107,99,394
0.4334680058609522,0.38857142857142857,0.40476190476190477,0.39650145772594747,0.6905829596412556,68,107,100,394
0.4300977967049962,0.39080459770114945,0.40476190476190477,0.39766081871345027,0.6920777279521674,68,106,100,395
0.42978358210265627,0.3872832369942196,0.39880952380952384,0.3929618768328446,0.6905829596412556,67,106,101,395
0.4240875062197597,0.38953488372093026,0.39880952380952384,0.3941176470588235,0.6920777279521674,67,105,101,396
0.4238037928940582,0.391812865497076,0.39880952380952384,0.39528023598820067,0.6935724962630793,67,104,101,397
0.418355220188225,0.3941176470588235,0.39880952380952384,0.3964497041420118,0.695067264573991,67,103,101,398
0.4179925207712678,0.39644970414201186,0.39880952380952384,0.39762611275964393,0.6965620328849028,67,102,101,399
0.4103154270499152,0.39880952380952384,0.39880952380952384,0.39880952380952384,0.6980568011958147,67,101,101,400
0.40622845541306624,0.40119760479041916,0.39880952380952384,0.39999999999999997,0.6995515695067265,67,100,101,401
0.4054945797947483,0.4036144578313253,0.39880952380952384,0.40119760479041916,0.7010463378176383,67,99,101,402
0.4054173909651911,0.40606060606060607,0.39880952380952384,0.4024024024024024,0.70254110612855,67,98,101,403
0.39919166657856664,0.4024390243902439,0.39285714285714285,0.39759036144578314,0.7010463378176383,66,98,102,403
0.39874905634544655,0.4049079754601227,0.39285714285714285,0.3987915407854985,0.70254110612855,66,97,102,404
0.3961524972641403,0.4012345679012346,0.3869047619047619,0.393939393939394,0.7010463378176383,65,97,103,404
0.39605433385088035,0.39751552795031053,0.38095238095238093,0.3890577507598784,0.6995515695067265,64,97,104,404
0.39355517827476566,0.4,0.38095238095238093,0.3902439024390244,0.7010463378176383,64,96,104,405
0.3935241101327301,0.4025157232704403,0.38095238095238093,0.39143730886850153,0.70254110612855,64,95,104,406
0.3932950992709017,0.4050632911392405,0.38095238095238093,0.39263803680981596,0.7040358744394619,64,94,104,407
0.39158043072381027,0.40764331210191085,0.38095238095238093,0.39384615384615385,0.7055306427503737,64,93,104,408
0.3871743209153065,0.41025641025641024,0.38095238095238093,0.39506172839506165,0.7070254110612855,64,92,104,409
0.38653019253636645,0.4129032258064516,0.38095238095238093,0.39628482972136225,0.7085201793721974,64,91,104,410
0.38626165113865213,0.4155844155844156,0.38095238095238093,0.3975155279503106,0.7100149476831091,64,90,104,411
0.38554255714488894,0.41830065359477125,0.38095238095238093,0.3987538940809969,0.7115097159940209,64,89,104,412
0.3837843428250561,0.42105263157894735,0.38095238095238093,0.4,0.7130044843049327,64,88,104,413
0.3832557062329554,0.41721854304635764,0.375,0.39498432601880873,0.7115097159940209,63,88,105,413
0.38128635492520163,0.42,0.375,0.39622641509433965,0.7130044843049327,63,87,105,414
0.3805589601088535,0.4228187919463087,0.375,0.39747634069400634,0.7144992526158446,63,86,105,415
0.3778930206000219,0.42567567567567566,0.375,0.3987341772151899,0.7159940209267563,63,85,105,416
0.377488187752511,0.42857142857142855,0.375,0.39999999999999997,0.7174887892376681,63,84,105,417
0.3769605244207968,0.4246575342465753,0.36904761904761907,0.39490445859872614,0.7159940209267563,62,84,106,417
0.3753804943134049,0.4206896551724138,0.3630952380952381,0.38977635782747605,0.7144992526158446,61,84,107,417
0.37222095180975673,0.4236111111111111,0.3630952380952381,0.391025641025641,0.7159940209267563,61,83,107,418
0.3721883501609861,0.4195804195804196,0.35714285714285715,0.3858520900321543,0.7144992526158446,60,83,108,418
0.36978465105668584,0.4225352112676056,0.35714285714285715,0.3870967741935484,0.7159940209267563,60,82,108,419
0.36360765065322864,0.425531914893617,0.35714285714285715,0.3883495145631068,0.7174887892376681,60,81,108,420
0.36245208822767144,0.42857142857142855,0.35714285714285715,0.38961038961038963,0.71898355754858,60,80,108,421
0.35966432190324577,0.4316546762589928,0.35714285714285715,0.39087947882736157,0.7204783258594918,60,79,108,422
0.3569257094136991,0.43478260869565216,0.35714285714285715,0.39215686274509803,0.7219730941704036,60,78,108,423
0.3558608976904613,0.43795620437956206,0.35714285714285715,0.3934426229508197,0.7234678624813154,60,77,108,424
0.354313825174467,0.4338235294117647,0.35119047619047616,0.3881578947368421,0.7219730941704036,59,77,109,424
0.3524543451174038,0.42962962962962964,0.34523809523809523,0.3828382838283828,0.7204783258594918,58,77,110,424
0.3465468481936334,0.43283582089552236,0.34523809523809523,0.3841059602649006,0.7219730941704036,58,76,110,425
0.346540951559916,0.43609022556390975,0.34523809523809523,0.3853820598006644,0.7234678624813154,58,75,110,426
0.3443236956391158,0.4318181818181818,0.3392857142857143,0.38,0.7219730941704036,57,75,111,426
0.3441781208149557,0.42748091603053434,0.3333333333333333,0.37458193979933113,0.7204783258594918,56,75,112,426
0.3360887660768886,0.4307692307692308,0.3333333333333333,0.37583892617449666,0.7219730941704036,56,74,112,427
0.33582869936225435,0.43410852713178294,0.3333333333333333,0.37710437710437705,0.7234678624813154,56,73,112,428
0.33537814237275526,0.4296875,0.3273809523809524,0.3716216216216216,0.7219730941704036,55,73,113,428
0.33191655831054523,0.4330708661417323,0.3273809523809524,0.3728813559322034,0.7234678624813154,55,72,113,429
0.3315732886547957,0.4365079365079365,0.3273809523809524,0.3741496598639456,0.7249626307922272,55,71,113,430
0.3314825923212728,0.44,0.3273809523809524,0.3754266211604096,0.726457399103139,55,70,113,431
0.3251631061403972,0.4435483870967742,0.3273809523809524,0.37671232876712324,0.7279521674140508,55,69,113,432
0.3210272943404395,0.43902439024390244,0.32142857142857145,0.3711340206185567,0.726457399103139,54,69,114,432
0.3208445912893627,0.4344262295081967,0.31547619047619047,0.3655172413793104,0.7249626307922272,53,69,115,432
0.31991243632608335,0.4380165289256198,0.31547619047619047,0.3667820069204152,0.726457399103139,53,68,115,433
0.31551067464538535,0.44166666666666665,0.31547619047619047,0.3680555555555555,0.7279521674140508,53,67,115,434
0.31502375179833986,0.44537815126050423,0.31547619047619047,0.36933797909407673,0.7294469357249627,53,66,115,435
0.31480888444322686,0.4491525423728814,0.31547619047619047,0.3706293706293706,0.7309417040358744,53,65,115,436
0.31196142472887617,0.4444444444444444,0.30952380952380953,0.36491228070175435,0.7294469357249627,52,65,116,436
0.3111299776541479,0.4482758620689655,0.30952380952380953,0.3661971830985915,0.7309417040358744,52,64,116,437
0.30145300643144884,0.45217391304347826,0.30952380952380953,0.3674911660777385,0.7324364723467862,52,63,116,438
0.29960261967308904,0.4473684210526316,0.30357142857142855,0.36170212765957444,0.7309417040358744,51,63,117,438
0.29564199130464147,0.45132743362831856,0.30357142857142855,0.3629893238434163,0.7324364723467862,51,62,117,439
0.29241257625816847,0.44642857142857145,0.2976190476190476,0.35714285714285715,0.7309417040358744,50,62,118,439
0.2923703904176321,0.44144144144144143,0.2916666666666667,0.35125448028673834,0.7294469357249627,49,62,119,439
0.29217099942282376,0.44545454545454544,0.2916666666666667,0.35251798561151076,0.7309417040358744,49,61,119,440
0.2918006430620707,0.44954128440366975,0.2916666666666667,0.3537906137184116,0.7324364723467862,49,60,119,441
0.29132478444766446,0.4444444444444444,0.2857142857142857,0.34782608695652173,0.7309417040358744,48,60,120,441
0.2896176546517867,0.4485981308411215,0.2857142857142857,0.34909090909090906,0.7324364723467862,48,59,120,442
0.28942745349235716,0.4528301886792453,0.2857142857142857,0.35036496350364965,0.7339312406576981,48,58,120,443
0.28743739462008233,0.45714285714285713,0.2857142857142857,0.3516483516483516,0.7354260089686099,48,57,120,444
0.2871584447536407,0.46153846153846156,0.2857142857142857,0.35294117647058826,0.7369207772795217,48,56,120,445
0.28598231114080014,0.46601941747572817,0.2857142857142857,0.35424354243542433,0.7384155455904334,48,55,120,446
0.2831238203985931,0.47058823529411764,0.2857142857142857,0.35555555555555557,0.7399103139013453,48,54,120,447
0.28052622752531997,0.4752475247524752,0.2857142857142857,0.3568773234200744,0.7414050822122571,48,53,120,448
0.2785973530962252,0.48,0.2857142857142857,0.3582089552238806,0.7428998505231689,48,52,120,449
0.27476909962952706,0.47474747474747475,0.27976190476190477,0.352059925093633,0.7414050822122571,47,52,121,449
0.27427273562877036,0.47959183673469385,0.27976190476190477,0.3533834586466166,0.7428998505231689,47,51,121,450
0.2736434719627972,0.4845360824742268,0.27976190476190477,0.35471698113207545,0.7443946188340808,47,50,121,451
0.27044411357196885,0.4791666666666667,0.27380952380952384,0.3484848484848485,0.7428998505231689,46,50,122,451
0.26753759045436837,0.4842105263157895,0.27380952380952384,0.34980988593155893,0.7443946188340808,46,49,122,452
0.2651439310636164,0.48936170212765956,0.27380952380952384,0.3511450381679389,0.7458893871449925,46,48,122,453
0.2605967345828646,0.4838709677419355,0.26785714285714285,0.3448275862068966,0.7443946188340808,45,48,123,453
0.26009636785290324,0.4891304347826087,0.26785714285714285,0.34615384615384615,0.7458893871449925,45,47,123,454
0.2581082191471587,0.4835164835164835,0.2619047619047619,0.33976833976833976,0.7443946188340808,44,47,124,454
0.257931997695148,0.4888888888888889,0.2619047619047619,0.34108527131782945,0.7458893871449925,44,46,124,455
0.25618838862608345,0.4943820224719101,0.2619047619047619,0.34241245136186765,0.7473841554559043,44,45,124,456
0.25076173271243957,0.5,0.2619047619047619,0.34375000000000006,0.7488789237668162,44,44,124,457
0.24888786773734253,0.5057471264367817,0.2619047619047619,0.3450980392156863,0.750373692077728,44,43,124,458
0.24873228519891288,0.5116279069767442,0.2619047619047619,0.3464566929133859,0.7518684603886397,44,42,124,459
0.2465786066636466,0.5058823529411764,0.25595238095238093,0.33992094861660077,0.750373692077728,43,42,125,459
0.2330272518570924,0.5119047619047619,0.25595238095238093,0.3412698412698413,0.7518684603886397,43,41,125,460
0.23050696258098327,0.5060240963855421,0.25,0.3346613545816733,0.750373692077728,42,41,126,460
0.2297972363493922,0.5121951219512195,0.25,0.336,0.7518684603886397,42,40,126,461
0.22892716059377857,0.5185185185185185,0.25,0.3373493975903614,0.7533632286995515,42,39,126,462
0.22888644129066107,0.525,0.25,0.33870967741935487,0.7548579970104634,42,38,126,463
0.2284425681770832,0.5316455696202531,0.25,0.340080971659919,0.7563527653213752,42,37,126,464
0.22454749027001739,0.5256410256410257,0.24404761904761904,0.33333333333333326,0.7548579970104634,41,37,127,464
0.22389190583429508,0.5324675324675324,0.24404761904761904,0.33469387755102037,0.7563527653213752,41,36,127,465
0.22075865011642137,0.5394736842105263,0.24404761904761904,0.3360655737704918,0.757847533632287,41,35,127,466
0.21662375258197328,0.5466666666666666,0.24404761904761904,0.33744855967078186,0.7593423019431988,41,34,127,467
0.2126548301319885,0.5540540540540541,0.24404761904761904,0.33884297520661155,0.7608370702541106,41,33,127,468
0.20757986329253378,0.5616438356164384,0.24404761904761904,0.3402489626556016,0.7623318385650224,41,32,127,469
0.20726598285376788,0.5694444444444444,0.24404761904761904,0.3416666666666667,0.7638266068759342,41,31,127,470
0.20188433676100082,0.5774647887323944,0.24404761904761904,0.34309623430962344,0.7653213751868461,41,30,127,471
0.19795894111215126,0.5714285714285714,0.23809523809523808,0.3361344537815126,0.7638266068759342,40,30,128,471
0.19436179014100463,0.5652173913043478,0.23214285714285715,0.3291139240506329,0.7623318385650224,39,30,129,471
0.1906699644496578,0.5735294117647058,0.23214285714285715,0.3305084745762712,0.7638266068759342,39,29,129,472
0.19063696316421028,0.5671641791044776,0.2261904761904762,0.32340425531914896,0.7623318385650224,38,29,130,472
0.19057481251308675,0.5606060606060606,0.22023809523809523,0.3162393162393162,0.7608370702541106,37,29,131,472
0.18861894955023695,0.5692307692307692,0.22023809523809523,0.3175965665236052,0.7623318385650224,37,28,131,473
0.18110275639466691,0.5625,0.21428571428571427,0.31034482758620685,0.7608370702541106,36,28,132,473
0.18077503358564015,0.5555555555555556,0.20833333333333334,0.30303030303030304,0.7593423019431988,35,28,133,473
0.1807142414736246,0.5483870967741935,0.20238095238095238,0.2956521739130435,0.757847533632287,34,28,134,473
0.1806520963325362,0.5409836065573771,0.19642857142857142,0.28820960698689957,0.7563527653213752,33,28,135,473
0.1738666527845801,0.5333333333333333,0.19047619047619047,0.2807017543859649,0.7548579970104634,32,28,136,473
0.17247151645294156,0.5423728813559322,0.19047619047619047,0.2819383259911894,0.7563527653213752,32,27,136,474
0.167121140557804,0.5517241379310345,0.19047619047619047,0.2831858407079646,0.757847533632287,32,26,136,475
0.15641602740081903,0.5614035087719298,0.19047619047619047,0.28444444444444444,0.7593423019431988,32,25,136,476
0.155065936013177,0.5714285714285714,0.19047619047619047,0.2857142857142857,0.7608370702541106,32,24,136,477
0.15300210018225804,0.5818181818181818,0.19047619047619047,0.28699551569506726,0.7623318385650224,32,23,136,478
0.14799532452863182,0.5925925925925926,0.19047619047619047,0.2882882882882883,0.7638266068759342,32,22,136,479
0.1459544060240127,0.6037735849056604,0.19047619047619047,0.28959276018099545,0.7653213751868461,32,21,136,480
0.1452002013485488,0.6153846153846154,0.19047619047619047,0.2909090909090909,0.7668161434977578,32,20,136,481
0.1450553687550979,0.6078431372549019,0.18452380952380953,0.28310502283105027,0.7653213751868461,31,20,137,481
0.14403598358659936,0.62,0.18452380952380953,0.28440366972477066,0.7668161434977578,31,19,137,482
0.1379032687315297,0.6326530612244898,0.18452380952380953,0.28571428571428575,0.7683109118086696,31,18,137,483
0.13692413218743058,0.6458333333333334,0.18452380952380953,0.28703703703703703,0.7698056801195815,31,17,137,484
0.1366559929659852,0.6595744680851063,0.18452380952380953,0.28837209302325584,0.7713004484304933,31,16,137,485
0.12815983226491345,0.6739130434782609,0.18452380952380953,0.2897196261682243,0.772795216741405,31,15,137,486
0.12252421486543504,0.6888888888888889,0.18452380952380953,0.2910798122065728,0.7742899850523169,31,14,137,487
0.11258836433992063,0.6818181818181818,0.17857142857142858,0.2830188679245283,0.772795216741405,30,14,138,487
0.10904381069076248,0.6744186046511628,0.17261904761904762,0.27488151658767773,0.7713004484304933,29,14,139,487
0.10833574486029958,0.6666666666666666,0.16666666666666666,0.26666666666666666,0.7698056801195815,28,14,140,487
0.10380252585905109,0.6585365853658537,0.16071428571428573,0.2583732057416268,0.7683109118086696,27,14,141,487
0.1016204773761588,0.675,0.16071428571428573,0.25961538461538464,0.7698056801195815,27,13,141,488
0.09930524409824378,0.6666666666666666,0.15476190476190477,0.25120772946859904,0.7683109118086696,26,13,142,488
0.09217674152576816,0.6842105263157895,0.15476190476190477,0.2524271844660194,0.7698056801195815,26,12,142,489
0.0902394294365448,0.7027027027027027,0.15476190476190477,0.25365853658536586,0.7713004484304933,26,11,142,490
0.08948796348261336,0.6944444444444444,0.1488095238095238,0.24509803921568624,0.7698056801195815,25,11,143,490
0.08792828919501128,0.7142857142857143,0.1488095238095238,0.24630541871921183,0.7713004484304933,25,10,143,491
0.08694445569370085,0.7352941176470589,0.1488095238095238,0.24752475247524752,0.772795216741405,25,9,143,492
0.08365264087370088,0.7575757575757576,0.1488095238095238,0.24875621890547261,0.7742899850523169,25,8,143,493
0.053944467084822735,0.75,0.14285714285714285,0.24,0.772795216741405,24,8,144,493
0.0539385332134218,0.7419354838709677,0.13690476190476192,0.2311557788944724,0.7713004484304933,23,8,145,493
0.0534084513565988,0.7666666666666667,0.13690476190476192,0.23232323232323232,0.772795216741405,23,7,145,494
0.05254519537351459,0.7586206896551724,0.13095238095238096,0.22335025380710663,0.7713004484304933,22,7,146,494
0.041738414017548554,0.75,0.125,0.21428571428571427,0.7698056801195815,21,7,147,494
0.03466267119277419,0.7407407407407407,0.11904761904761904,0.20512820512820512,0.7683109118086696,20,7,148,494
0.027880041368021097,0.7307692307692307,0.1130952380952381,0.1958762886597938,0.7668161434977578,19,7,149,494
0.010762754701500158,0.76,0.1130952380952381,0.19689119170984457,0.7683109118086696,19,6,149,495
0.01007031104648351,0.75,0.10714285714285714,0.1875,0.7668161434977578,18,6,150,495
0.005838532425343841,0.782608695652174,0.10714285714285714,0.18848167539267016,0.7683109118086696,18,5,150,496
0.00013375460958423938,0.8181818181818182,0.10714285714285714,0.18947368421052632,0.7698056801195815,18,4,150,497
-0.017348779242131726,0.8095238095238095,0.10119047619047619,0.17989417989417988,0.7683109118086696,17,4,151,497
-0.032069848325454085,0.8,0.09523809523809523,0.1702127659574468,0.7668161434977578,16,4,152,497
-0.03654561751807129,0.8421052631578947,0.09523809523809523,0.1711229946524064,0.7683109118086696,16,3,152,498
-0.043405439522495724,0.8888888888888888,0.09523809523809523,0.17204301075268819,0.7698056801195815,16,2,152,499
-0.06638468010566863,0.8823529411764706,0.08928571428571429,0.16216216216216217,0.7683109118086696,15,2,153,499
-0.09150961269873965,0.875,0.08333333333333333,0.15217391304347824,0.7668161434977578,14,2,154,499
-0.09763289429162987,0.9333333333333333,0.08333333333333333,0.15300546448087432,0.7683109118086696,14,1,154,500
-0.12716725645812801,0.9285714285714286,0.07738095238095238,0.14285714285714288,0.7668161434977578,13,1,155,500
-0.1855464930520578,0.9230769230769231,0.07142857142857142,0.13259668508287292,0.7653213751868461,12,1,156,500
-0.18808982655473605,0.9166666666666666,0.06547619047619048,0.12222222222222223,0.7638266068759342,11,1,157,500
-0.2344199578182038,0.9090909090909091,0.05952380952380952,0.11173184357541899,0.7623318385650224,10,1,158,500
-0.24140666251855644,0.9,0.05357142857142857,0.10112359550561796,0.7608370702541106,9,1,159,500
-0.2505001353321579,0.8888888888888888,0.047619047619047616,0.0903954802259887,0.7593423019431988,8,1,160,500
-0.2543858292821481,0.875,0.041666666666666664,0.07954545454545454,0.757847533632287,7,1,161,500
-0.27592650645869726,0.8571428571428571,0.03571428571428571,0.06857142857142856,0.7563527653213752,6,1,162,500
-0.4059179330993743,0.8333333333333334,0.02976190476190476,0.057471264367816084,0.7548579970104634,5,1,163,500
-0.4210684825260813,0.8,0.023809523809523808,0.046242774566473986,0.7533632286995515,4,1,164,500
-0.4233727556552232,0.75,0.017857142857142856,0.03488372093023255,0.7518684603886397,3,1,165,500
-0.44340335493063665,1.0,0.017857142857142856,0.03508771929824561,0.7533632286995515,3,0,165,501
-0.5155348945477212,1.0,0.011904761904761904,0.023529411764705882,0.7518684603886397,2,0,166,501
-0.7709708657564733,1.0,0.005952380952380952,0.011834319526627219,0.750373692077728,1,0,167,501
